date,corr_1M,corr_6M,corr_1Y
2020-11-04,-0.06880685507091812,,
2020-11-05,-0.11836397515754861,,
2020-11-06,-0.13103501270907902,,
2020-11-09,-0.06946741807179649,,
2020-11-10,-0.24223118967164475,,
2020-11-11,-0.22030449599888072,,
2020-11-12,-0.22881495089037632,,
2020-11-13,-0.15045564869959996,,
2020-11-16,-0.14693913900903083,,
2020-11-17,-0.04952743846675848,,
2020-11-18,-0.04801294642707431,,
2020-11-19,-0.05661619676828139,,
2020-11-20,-0.0072875750318828585,,
2020-11-23,0.04642674753445634,,
2020-11-24,0.08920590323234386,,
2020-11-25,-0.06426258314282841,,
2020-11-26,-0.05638334347182404,,
2020-11-27,-0.07631887315620627,,
2020-11-30,-0.11899985231377497,,
2020-12-01,-0.20182843548910898,,
2020-12-02,-0.20765169327193173,,
2020-12-03,-0.2344781084080131,,
2020-12-04,-0.20818083275660362,,
2020-12-07,-0.19013187040146448,,
2020-12-08,-0.14405370714996915,,
2020-12-09,-0.1214465942403487,,
2020-12-10,-0.12218962688419308,,
2020-12-11,-0.02804035210976078,,
2020-12-14,-0.07554141271985663,,
2020-12-15,-0.07044907588264952,,
2020-12-16,-0.07739407238630519,,
2020-12-17,-0.12958490733328532,,
2020-12-18,-0.09816567012020767,,
2020-12-21,-0.0422403339719537,,
2020-12-22,-0.25960536331256845,,
2020-12-23,-0.2587970651526219,,
2020-12-24,-0.18163466549544324,,
2020-12-25,-0.12923687920194343,,
2020-12-28,-0.08456706184203452,,
2020-12-29,-0.04325022943452649,,
2020-12-30,0.17607891012038515,,
2020-12-31,0.013026412896426965,,
2021-01-04,-0.04329306967166576,,
2021-01-05,0.053578343706008176,,
2021-01-06,0.0026281442392735244,,
2021-01-07,0.03342024017699285,,
2021-01-08,0.052625443551581066,,
2021-01-11,0.10318304024107801,,
2021-01-12,0.014595725645437959,,
2021-01-13,0.007238939275165792,,
2021-01-14,-0.05861574577708744,,
2021-01-15,-0.006922167231762049,,
2021-01-18,0.0037848317836951775,,
2021-01-19,-0.03038680888858766,,
2021-01-20,-0.0468103348401834,,
2021-01-21,0.1837213254096058,,
2021-01-22,0.15851717221031036,,
2021-01-25,0.12659919222591465,,
2021-01-26,0.31530055764815834,,
2021-01-27,0.3134261691674985,,
2021-01-28,0.4493048591180609,,
2021-01-29,0.40933969244656726,,
2021-02-01,0.5121263811437728,,
2021-02-02,0.5275278797230926,,
2021-02-03,0.46977786303741037,,
2021-02-04,0.464086879383976,,
2021-02-05,0.46274966903096554,,
2021-02-08,0.4684648451788419,,
2021-02-09,0.4659812316170035,,
2021-02-10,0.33724311803062496,,
2021-02-18,0.378352927235226,,
2021-02-19,0.5210244405960781,,
2021-02-22,0.45695373533101324,,
2021-02-23,0.45776264123485494,,
2021-02-24,0.3966028545129465,,
2021-02-25,0.3836913688011675,,
2021-02-26,0.3653328979758213,,
2021-03-01,0.4319643870389857,,
2021-03-02,0.3950250718278782,,
2021-03-03,0.3213273206213581,,
2021-03-04,0.32470818978685984,,
2021-03-05,0.20399416044074462,,
2021-03-08,0.12159229878868531,,
2021-03-09,0.1150854662972366,,
2021-03-10,0.1442932444918125,,
2021-03-11,0.06856094568617893,,
2021-03-12,0.06622702032373132,,
2021-03-15,0.09535936338327597,,
2021-03-16,0.09452603100174212,,
2021-03-17,0.08511344071726382,,
2021-03-18,0.142444667102246,,
2021-03-19,0.05239370358875265,,
2021-03-22,0.07575729640525507,,
2021-03-23,0.03035650841722461,,
2021-03-24,-0.01676686444303953,,
2021-03-25,-0.0052581149314822415,,
2021-03-26,-0.058973472871378385,,
2021-03-29,-0.1621894900647101,,
2021-03-30,-0.3278657221477151,,
2021-03-31,-0.33410118923540316,,
2021-04-01,-0.3405279440656402,,
2021-04-02,-0.46841306204059985,,
2021-04-06,-0.49895194711164714,,
2021-04-07,-0.4367242365011548,,
2021-04-08,-0.5242902113414085,,
2021-04-09,-0.5639872998248913,0.01509121827651888,
2021-04-12,-0.542246160090482,-0.0005771101699895651,
2021-04-13,-0.4772118127642859,-0.004865692758896257,
2021-04-14,-0.6488553088299371,0.01707299658359882,
2021-04-15,-0.6250435957408409,0.0014860461942398761,
2021-04-16,-0.6291236063398887,0.003456892789565005,
2021-04-19,-0.5329852027833205,0.009705321713916078,
2021-04-20,-0.4486946267215754,0.008275815036722511,
2021-04-21,-0.45516624023400026,0.01003943070585418,
2021-04-22,-0.42739873571943215,0.020404497161831826,
2021-04-23,-0.3201739042681267,0.019717087234071572,
2021-04-26,-0.17213400426358547,0.029628683266707045,
2021-04-27,-0.09082150728516689,0.03347183349556884,
2021-04-28,-0.07945056018720828,0.027111049852021556,
2021-04-29,-0.05251168738389947,0.02768983551688068,
2021-04-30,-0.10406538607646354,0.014544146065496122,
2021-05-06,-0.071909302250087,0.013660065179152504,
2021-05-07,-0.008055264189049265,0.022551942610840675,
2021-05-10,-0.01723057935467154,0.025859525469729073,
2021-05-11,-0.013060252510198813,0.026499585474112644,
2021-05-12,-0.00428417752998876,0.025305494353053147,
2021-05-13,0.01689412878209229,0.02108248984417638,
2021-05-14,0.1469496147075448,0.032340226654096874,
2021-05-17,0.14967061659736225,0.027997049932883492,
2021-05-18,0.1626382887103324,0.04139034735445691,
2021-05-19,0.07222347287153137,0.038373370823179494,
2021-05-20,0.06642717518203556,0.03734611878769292,
2021-05-21,-0.031910028825192005,0.030400179316234385,
2021-05-24,-0.05177821044218122,0.020230657566859104,
2021-05-25,-0.09008840102453675,0.01704465703609708,
2021-05-26,-0.10802817054003608,0.015883769104455416,
2021-05-27,-0.111828618684806,0.012556073869488323,
2021-05-28,-0.2127562527368516,0.015922454593106754,
2021-05-31,-0.21469725098548045,0.017592858212016012,
2021-06-01,-0.21768942486197065,0.006409618055538525,
2021-06-02,-0.11657976003797778,0.011343695697428035,
2021-06-03,-0.044571666628252946,0.021851358899157614,
2021-06-04,-0.04864727438084034,0.01770976748077371,
2021-06-07,-0.0908310572496916,0.025092428228838986,
2021-06-08,-0.10134275059206053,0.03312185128061907,
2021-06-09,-0.1356230922072089,0.04847288216660312,
2021-06-10,-0.11794016118662072,0.05098711639905864,
2021-06-11,-0.028168165121869895,0.05718555338679043,
2021-06-15,-0.13488429977958638,0.05331749785350313,
2021-06-16,-0.12614413401943647,0.04845633903667981,
2021-06-17,-0.13579981257487364,0.0495281578674554,
2021-06-18,-0.09813052974031365,0.04676279418679675,
2021-06-21,-0.09829391417502449,0.043676091727836895,
2021-06-22,-0.035043001756456485,0.031176090738917056,
2021-06-23,-0.013989474973392787,0.031619745372708154,
2021-06-24,0.0074335451013239585,0.030776855870905912,
2021-06-25,-0.022624290678688964,0.02785650995471107,
2021-06-28,-0.004294465117833864,0.033365509742470566,
2021-06-29,-0.08152873293148769,0.024189171495362864,
2021-06-30,-0.06455660913333425,0.019649609384298553,
2021-07-01,-0.07534479843456286,0.04298188493472188,
2021-07-02,-0.16952034822570475,0.03336726766927662,
2021-07-05,-0.1553411565844846,0.032615511246186495,
2021-07-06,-0.10336135659445111,0.025388782724390525,
2021-07-07,0.06776790464892829,0.04075761315154547,
2021-07-08,-0.02813119222319436,0.027513795089805084,
2021-07-09,-0.010815983719941226,0.019178722773314706,
2021-07-12,0.0889961900920801,0.051234708413043506,
2021-07-13,0.03388345521120428,0.058668303124449664,
2021-07-14,0.0013161897130324403,0.03628169274244835,
2021-07-15,-0.17504234059902266,0.015832999246829328,
2021-07-16,-0.177086886677617,0.00975990034093141,
2021-07-19,-0.19398615087493232,0.007078980198984928,
2021-07-20,-0.18779727498622012,0.0027317392041173254,
2021-07-21,-0.1629669407627005,-0.005886501050270437,
2021-07-22,-0.16177545339200972,-0.006076171959206706,
2021-07-23,-0.17702235249453702,-0.0013404452472765363,
2021-07-26,-0.19350618342773765,-0.024124785903620657,
2021-07-27,0.08887921060299181,0.02349170497228048,
2021-07-28,0.10752443203653854,0.025770610350862484,
2021-07-29,0.11788076398304456,0.030458006561358178,
2021-07-30,0.0947340036109094,0.0060807331897216235,
2021-08-02,0.09293648198249263,0.015996966969290472,
2021-08-03,0.08683922819112488,0.016514770271758957,
2021-08-04,0.07016207126046721,-0.01377272782779625,
2021-08-05,0.0016905819200821683,-0.018198982893943554,
2021-08-06,0.055447645914495476,-0.047343476772367006,
2021-08-09,-0.07295097474618313,-0.07057564685878094,
2021-08-10,-0.14823005912692636,-0.07385243572492232,
2021-08-11,-0.13829613099559543,-0.06771542701181972,
2021-08-12,-0.13446370467736493,-0.07638570199259352,
2021-08-13,-0.04795482779931106,-0.07527715195957815,
2021-08-16,-0.03121276205724188,-0.07493151644472781,
2021-08-17,-0.05246295953022577,-0.0825036504153961,
2021-08-18,0.01642288040902959,-0.06846294554512797,
2021-08-19,0.01133063847590548,-0.048891909765228524,
2021-08-20,0.05177067680601516,-0.04728952125838115,
2021-08-23,0.030473505962041028,-0.05504835942831436,
2021-08-24,0.14475168023343615,-0.061936057774368225,
2021-08-25,-0.04103285998446301,-0.06083187218832008,
2021-08-26,0.09395529939966095,-0.028699845743591353,
2021-08-27,0.07403473712267906,-0.023345535983678063,
2021-08-30,0.14750703802518816,-0.04579289922259801,
2021-08-31,0.0836676177600818,-0.06748157284884988,
2021-09-01,0.2013707310178493,-0.04290065787203219,
2021-09-02,0.20861363934714797,-0.03831884417835597,
2021-09-03,0.24489579981154155,-0.05487338251290641,
2021-09-06,0.20268939448078643,-0.05872125293891602,
2021-09-07,0.3142541231034839,-0.06054702258279832,
2021-09-08,0.3260142668004,-0.07004803768678895,
2021-09-09,0.31559949260626097,-0.07203772297528944,
2021-09-10,0.37919453141643006,-0.04771832901487076,
2021-09-13,0.3776668418576239,-0.03904890918982468,
2021-09-14,0.34442546276997665,-0.054949484694591086,
2021-09-15,0.45904322658358565,-0.048457267573159574,
2021-09-16,0.3400480827430066,-0.055169104136424084,
2021-09-17,0.354787312712454,-0.0454238147761879,
2021-09-22,0.28577101508843616,-0.025029289024822918,
2021-09-23,0.3651360117240483,-0.0239588160634502,
2021-09-24,0.3376502399887207,-0.02062460966655944,
2021-09-27,0.31507935092974837,-0.005615563549476281,
2021-09-28,0.15528096208697376,-0.006120098108265011,
2021-09-29,0.053982556230408485,-0.0008581018789260351,
2021-09-30,0.058869252931971934,-0.0034481205691004827,
2021-10-08,-0.06072118610655252,-0.018628263230687576,
2021-10-11,-0.25621662555152935,-0.01580697318742264,
2021-10-12,-0.27598887262432176,-0.011640019096716175,
2021-10-13,-0.24674413499613113,-0.011804716484110595,
2021-10-14,-0.2721990505608814,-0.013838030458756515,
2021-10-15,-0.21336767354008593,-0.01910973756461971,
2021-10-18,-0.051016373617692484,0.0030036039510565444,
2021-10-19,0.03500775045747568,0.016464654562504278,0.013174081189492641
2021-10-20,-0.002190613042593829,0.03378726006610769,0.0142294887264506
2021-10-21,0.0062314781887242215,0.04021407726978299,0.01536743662025902
2021-10-22,0.013466187199752051,0.037134675043300244,0.02590159645775157
2021-10-25,-0.031413798189549764,0.03452675208647409,0.017005165160557213
2021-10-26,0.018332395922888572,0.03223323247682407,0.016902652247192892
2021-10-27,-0.045067727174366114,0.026548593273552794,0.016823783181350183
2021-10-28,-0.0303985335973157,0.0236338204160592,0.014747172992772412
2021-10-29,-0.07136506046226221,0.01901761056440285,0.013610968240299465
2021-11-01,-0.11375182265765887,0.014359139347468968,0.01603914027761955
2021-11-02,-0.15542381907374064,0.006514177325818792,0.011512616124732075
2021-11-03,-0.15016437742112643,-0.004000151889419566,0.011648305789821442
2021-11-04,-0.062145649378276324,-0.0002163279159752743,0.014814677526677698
2021-11-05,-0.09683094747409217,-0.007878915551221551,0.007095604668341433
2021-11-08,0.042452871969712695,-0.007390580342961253,0.007190780765471447
2021-11-09,0.08456206798131657,0.003219197060088211,0.006537329323839728
2021-11-10,0.1026295173660271,0.007302903877604421,0.008725239687264134
2021-11-11,-0.04622289738511482,-0.015374576041821391,0.0034268775590249657
2021-11-12,-0.03933663555514535,-0.014794083659062174,0.00514440833859663
2021-11-15,-0.03652970897552687,-0.020971286535957888,0.0023829835377087126
2021-11-16,-0.29895806954733056,-0.021587165417358205,0.0015533574585749608
2021-11-17,-0.40986736454362477,-0.020630484149521695,0.00028949694453954313
2021-11-18,-0.4365586428538586,-0.02914345368554202,0.0018938326749630176
2021-11-19,-0.5951650019642594,-0.0383981657125804,-0.004687748012359816
2021-11-22,-0.5554631599835612,-0.036544735103507676,0.003020547954982456
2021-11-23,-0.5523556957889854,-0.034124916201693514,0.0033858381787296864
2021-11-24,-0.5002556420917588,-0.03135476649552093,0.0034879011565251195
2021-11-25,-0.5410077079578127,-0.023744837004130184,0.004154056691172035
2021-11-26,-0.5664834238235181,-0.028267246301729505,-0.0037853779729332144
2021-11-29,-0.5346296075831569,-0.02370215265456564,-0.0030196359089018506
2021-11-30,-0.5088083677252045,-0.023168984569623716,-0.0029566879886996976
2021-12-01,-0.4818317194171077,-0.02160059664546124,-0.00400424368828132
2021-12-02,-0.49798273074641125,-0.025005016754036286,-0.0036835521335023542
2021-12-03,-0.5929533114707718,-0.033376470890158126,-0.006026782052722119
2021-12-06,-0.5280835942131404,-0.034745829502195125,-0.013550119174110496
2021-12-07,-0.553314666735092,-0.05268080316057,-0.019173129011121167
2021-12-08,-0.5028950746331259,-0.05343080557433783,-0.014470948293991082
2021-12-09,-0.4329897783117223,-0.04215306226022897,-0.01161177698632253
2021-12-10,-0.3997172109291742,-0.04520197681231481,-0.009493792580224156
2021-12-13,-0.42012740129280945,-0.0470625199404009,-0.0068898418316059445
2021-12-14,-0.44338220489130126,-0.050906732780298905,-0.0013867636069609546
2021-12-15,-0.4363151332483649,-0.05411989760259609,-0.001864626287912643
2021-12-16,-0.4527353242389092,-0.06569181164711979,-0.003893186315230079
2021-12-17,-0.43114482337430027,-0.06831618064426598,-0.007258030798192587
2021-12-20,-0.32022891852063123,-0.066496390838012,-0.008458668443006358
2021-12-21,-0.3234087333160138,-0.06380263061668211,-0.007061647767871126
2021-12-22,-0.3153955748492048,-0.06433089321830236,-0.00815602832994027
2021-12-23,-0.2999052132434441,-0.05808302686532897,-0.006101401461950341
2021-12-24,-0.2853034026332825,-0.05561213209829508,-0.011625327085074678
2021-12-27,-0.24011405199103306,-0.05584805072816302,-0.01157046445293421
2021-12-28,-0.23359066955969077,-0.054097385531846905,-0.011353715902983749
2021-12-29,-0.26861852973260836,-0.05516783484915721,-0.01369782345443197
2021-12-30,-0.2151777781747921,-0.04708440599409492,-0.007377427825193713
2021-12-31,-0.22113882970414225,-0.043570182320324335,-0.009456069398174963
2022-01-04,-0.16936832801118606,-0.04577649179748665,-0.012913886997994046
2022-01-05,-0.09989779106457769,-0.038569666213340306,0.0008773153338271404
2022-01-06,0.08103318811966581,-0.02638820170804362,0.003362866487979274
2022-01-07,0.13526423720641784,-0.026417533756745305,0.002996925128480311
2022-01-10,0.13030760438152816,-0.02415115031992123,0.00021169591555895062
2022-01-11,0.10699907833535437,-0.04708635042092323,-0.002172053573637311
2022-01-12,0.1066524961684154,-0.0355443060331269,-0.0023907374338302157
2022-01-13,0.15766241123838498,-0.035036715620930706,-0.006807203327593653
2022-01-14,0.1569987191930739,-0.05574629971573688,0.0009939441625607273
2022-01-17,0.2569540954884792,-0.05436239638534814,0.005300067154053741
2022-01-18,0.4080930143102279,-0.03357023834199764,0.0029651752589126257
2022-01-19,0.3416591879377036,-0.016872693330103224,0.00039678845107745194
2022-01-20,0.29628280856197875,-0.013129138332207363,-0.0008077473658192818
2022-01-21,0.24419528339228655,-0.017888441927387897,-0.004524889971214096
2022-01-24,0.21722287914206917,-0.016798603159810178,-0.006306392113182645
2022-01-25,0.20225304437332634,-0.0215252290202551,-0.013143178873765276
2022-01-26,0.0673089697080578,-0.029464403642395342,-0.01700802774252636
2022-01-27,0.13981817026825602,-0.012438038909218314,-0.00655979696686672
2022-01-28,0.08548597234643471,-0.002387690773633053,-0.013686666919062052
2022-02-07,-0.11727695376844771,-0.07149239308329962,-0.01891020851723617
2022-02-08,-0.09375977144781801,-0.0728885967532401,-0.018469352535651056
2022-02-09,-0.12226259054024556,-0.08697947365012076,-0.021565367147359852
2022-02-10,-0.16381628874871465,-0.07176031783097883,-0.028162757466823198
2022-02-11,-0.12176270383583049,-0.07281648407897559,-0.021981565913124723
2022-02-14,-0.09408347010612268,-0.06665616729488841,-0.019128317379316796
2022-02-15,-0.11909838320001945,-0.06552464090458857,-0.035530334111938504
2022-02-16,-0.07482372066496394,-0.05708728119856348,-0.03469704966003306
2022-02-17,-0.0867165460736749,-0.061694529058828676,-0.052585227929073663
2022-02-18,-0.1090884745180869,-0.03385840415231266,-0.05386748849633753
2022-02-21,-0.06419127699850773,-0.026411933828773795,-0.052069369422568894
2022-02-22,-0.10574852511592688,-0.03108070073386758,-0.05081726005837142
2022-02-23,-0.143781507795286,-0.014183722293770068,-0.04883430081849221
2022-02-24,-0.1557808327400255,-0.020903357950597026,-0.05063860953454247
2022-02-25,-0.09698127896271455,-0.013603416138103827,-0.04751632030566738
2022-02-28,-0.05860099021818635,-0.002698933218595694,-0.04851589985240267
2022-03-01,-0.1122767171676704,-0.03407567138364079,-0.05484607073666225
2022-03-02,-0.07368271327151978,-0.03615577180671157,-0.045315192006364746
2022-03-03,-0.005199205280594933,-0.039652491869571704,-0.04671689713863304
2022-03-04,-0.10385205550449506,-0.04105419916913166,-0.050240612028393195
2022-03-07,-0.11170121725563119,-0.05940682690838693,-0.059914219240793674
2022-03-08,-0.10599751821473173,-0.06945629062825719,-0.06300221998862572
2022-03-09,-0.08007271700743417,-0.09459510248418829,-0.056155406434006516
2022-03-10,-0.08657750350292857,-0.10566673273458096,-0.05834266299386298
2022-03-11,0.0023442229869264247,-0.09050063425914597,-0.06428642954195528
2022-03-14,-0.21293813283488217,-0.14063152949007474,-0.09958419359667534
2022-03-15,0.043637113476891774,-0.07729333530340442,-0.05557375553386147
2022-03-16,0.11392992336067928,-0.04676697257219177,-0.0410630354285595
2022-03-17,0.10701523929675574,-0.0457779974141621,-0.04879162856225049
2022-03-18,0.1384896272190971,-0.0369914779689528,-0.04575955353605472
2022-03-21,0.15060891369973667,-0.025542277372679917,-0.04000512273913404
2022-03-22,0.1458114417364755,-0.02573277293211695,-0.04371307673546461
2022-03-23,0.15586389014192928,-0.02299814239696653,-0.04393039967031735
2022-03-24,0.1299445821112271,-0.029836143727937164,-0.0353755832578191
2022-03-25,0.12908817736837033,-0.03776183221126884,-0.0361322459331298
2022-03-28,0.11143454955719281,-0.03585682339157645,-0.04254453802313234
2022-03-29,0.11109704524444211,-0.04199139624626389,-0.043430599624369515
2022-03-30,0.21005258116913358,-0.010436640943634806,-0.031069642308544473
2022-03-31,0.20975303240887835,-0.011169103955403718,-0.026129392916472163
2022-04-01,0.22141550045005262,-0.0015877121772536827,-0.011253917498709149
2022-04-06,0.24007467675061467,-0.00515603726067003,-0.012476641680807811
2022-04-07,0.2455096400947339,-0.012741812210138637,-0.01503479964733216
2022-04-08,0.2556828850503844,-0.012055114868109361,-0.0077249369887957085
2022-04-11,0.2858826359851954,0.006939530995091412,0.0024221439709809604
2022-04-12,0.27724960523748265,0.006378978886784191,0.004523246451145539
2022-04-13,0.2757050546500158,0.004376456151889468,0.0022772030402703
2022-04-14,0.5091888525367184,0.022544104093941645,0.0042809960961862435
2022-04-15,0.2911247601463127,0.0267985352121286,0.006534486827519458
2022-04-18,0.23532893557965603,0.03297791722144133,0.012418530109216386
2022-04-19,0.2410452612165083,0.03375573960029421,0.012846101043633958
2022-04-20,0.21602965494735735,0.03546530994430281,0.013090963623296129
2022-04-21,0.18463266877574605,0.03207923905378818,0.009188274304027813
2022-04-22,0.19023465188709188,0.012617410184380064,0.008123977832049257
2022-04-25,-0.050968992118085345,-0.03171090975547608,-0.00856235001584019
2022-04-26,-0.047711463384368574,-0.030452260912276766,-0.000581302044996962
2022-04-27,-0.07232024974579836,-0.04513840301105474,-0.00521002589930949
2022-04-28,-0.08684613854017617,-0.044391277948564414,-0.00642286269532254
2022-04-29,0.015848149497661303,-0.02546058020610448,0.0019703350366625234
2022-05-05,-0.11332588825215714,-0.024845031360110476,0.0012345074479758226
2022-05-06,-0.15100105622753562,-0.027906194273825312,-0.003500120318122507
2022-05-09,-0.1971262398623266,-0.027664262907946026,-0.004454500983872431
2022-05-10,-0.16635835690803477,-0.02019010416907019,-0.0028833705096212594
2022-05-11,-0.17365222278403702,-0.025633872395968947,-0.006851535597157194
2022-05-12,-0.16589522331854012,-0.021302293951760188,-0.007815099117251737
2022-05-13,-0.28664210397766915,-0.024882078751599677,-0.01427576247902634
2022-05-16,-0.263453779728679,-0.02856539572096704,-0.014136830680605615
2022-05-17,-0.23605141429403687,-0.023246263989770685,-0.014263845980705613
2022-05-18,-0.24402484932718926,-0.02356200564775462,-0.014428674727631595
2022-05-19,-0.23650232287049333,-0.02756931533579448,-0.011861380002221313
2022-05-20,-0.3376971651188496,-0.03536721954858578,-0.014771428917239498
2022-05-23,-0.34941689472030746,-0.02569323977320692,-0.01940270581701395
2022-05-24,-0.35922410592970927,-0.027531090231766985,-0.020218945329642257
2022-05-25,-0.3388650672000532,-0.02612426915334193,-0.02193906831614217
2022-05-26,-0.2853011577334042,-0.021128534662224592,-0.020119173030488265
2022-05-27,-0.15868274078599057,-0.020689989600657155,-0.019614810562951748
2022-05-30,-0.19485042980117925,-0.02256781825500179,-0.02421884973126812
2022-05-31,-0.21378551835368065,-0.02296814315172382,-0.028786536560838634
2022-06-01,-0.1939063217839301,-0.024476156794869558,-0.028486311082568605
2022-06-02,-0.34693979663903013,-0.024788655040541178,-0.027884981902125596
2022-06-06,-0.3716315873283525,-0.03443871971017514,-0.03138285596976026
2022-06-07,-0.3767673227597426,-0.03277698433460911,-0.02753184467493559
2022-06-08,-0.36310811622446987,-0.029351268113440267,-0.02742256063526757
2022-06-09,-0.42502222842734055,-0.03263214602927542,-0.027591914594575388
2022-06-10,-0.4098137027435157,-0.03679575974176558,-0.02996708339773868
2022-06-13,-0.3549570084015135,-0.03328229780957731,-0.027223396381473787
2022-06-14,-0.34332982619039615,-0.031707790111175416,-0.027834522264597508
2022-06-15,-0.351869292147974,-0.03169097826607224,-0.03146217100644883
2022-06-16,-0.39297532787900175,-0.03328126505536811,-0.0325206105944555
2022-06-17,-0.3448912690084992,-0.022246505807171718,-0.03454611050019283
2022-06-20,-0.41095038355997,-0.02403264893009354,-0.03569953506984245
2022-06-21,-0.3884001521389939,-0.029184446522924713,-0.03299420113183526
2022-06-22,-0.39947892424024767,-0.032470876408889994,-0.035705549524963104
2022-06-23,-0.4692080126768904,-0.0388039455686079,-0.03990584746567838
2022-06-24,-0.48968105304120324,-0.039076231681032185,-0.04166261595847382
2022-06-27,-0.5702610685290488,-0.05028842349731133,-0.04954266814288192
2022-06-28,-0.5692266528697157,-0.05013495731706104,-0.05434412517750469
2022-06-29,-0.6232078482021901,-0.05044901456453187,-0.05579996659104009
2022-06-30,-0.44401357517107287,-0.04093359140223019,-0.050474070352808785
2022-07-01,-0.4476268440992533,-0.04160269971029298,-0.04936730637535449
2022-07-04,-0.4464669300677659,-0.046736801976660025,-0.052352754766033675
2022-07-05,-0.4381164103301498,-0.05136046391014165,-0.051814467473923306
2022-07-06,-0.48462825247871677,-0.056912623909251475,-0.05390392537617189
2022-07-07,-0.4791429294897253,-0.05657080167428309,-0.05392762558285332
2022-07-08,-0.4420815578968902,-0.05819442218135258,-0.05366183043234911
2022-07-11,-0.5318715950652377,-0.06776197888886605,-0.05991969293731727
2022-07-12,-0.5854593386637701,-0.07650293493615432,-0.06038313167379772
2022-07-13,-0.5845300815509363,-0.0741288463139246,-0.05746081777748374
2022-07-14,-0.561531570806081,-0.07354062852974373,-0.058507540488474466
2022-07-15,-0.561799648037498,-0.08314500498335926,-0.06073280747823278
2022-07-18,-0.6056825619496645,-0.09076836832591155,-0.05977985824745208
2022-07-19,-0.601171854126714,-0.0908156982282915,-0.059733769762085505
2022-07-20,-0.5697725380660099,-0.0909856911336268,-0.05866558455697524
2022-07-21,-0.5585624580105966,-0.09029018165644478,-0.06872271118892066
2022-07-22,-0.5081872091619101,-0.08897798008021844,-0.06320586479459245
2022-07-25,-0.476532302399896,-0.08971315804247607,-0.06354241028662477
2022-07-26,-0.27775857932909226,-0.08239179990161924,-0.0691382056062608
2022-07-27,-0.1829069137330219,-0.08276243064022751,-0.06857437435413292
2022-07-28,-0.16664113408706702,-0.09515861168080937,-0.06561972270909111
2022-07-29,-0.4348616776158276,-0.10335954624117073,-0.0636644959450269
2022-08-01,-0.37174514248806745,-0.09829610413807888,-0.059318888849078676
2022-08-02,-0.2777246482342088,-0.09875753692141806,-0.06135246945046363
2022-08-03,-0.2699581474460137,-0.10059952389771802,-0.061693740347342665
2022-08-04,-0.32485855719184703,-0.10192837051259203,-0.06509797701384132
2022-08-05,-0.37500369336131273,-0.09864891504189569,-0.06641735864912174
2022-08-08,-0.3795021696706305,-0.10713263733929888,-0.06373975328322773
2022-08-09,-0.28516866636912236,-0.09742577471153262,-0.05406688888106967
2022-08-10,-0.21239166872855927,-0.082979965846099,-0.07469499354799836
2022-08-11,-0.05953559794907471,-0.06874483586742969,-0.06791903237983665
2022-08-12,-0.06540382749086089,-0.06646216841253459,-0.07245076149729912
2022-08-15,-0.02522626593334608,-0.06436947728787935,-0.06597011061136095
2022-08-16,0.005086063060789568,-0.07652310538416614,-0.07300887770245891
2022-08-17,-0.014499092364977123,-0.08013425169878949,-0.07239206728429609
2022-08-18,-0.03234548112721358,-0.08175978289578031,-0.07308898140992852
2022-08-19,0.06205177407544501,-0.07095783803008023,-0.06400176245060954
2022-08-22,0.0483694702752384,-0.0703408779679283,-0.06539255355998448
2022-08-23,0.05799691595718977,-0.06605272436293097,-0.05226041245473073
2022-08-24,-0.0025374357283038805,-0.07505310398646443,-0.05419157321888398
2022-08-25,-0.06027528151893899,-0.0802233399408909,-0.05873596281722423
2022-08-26,-0.05699601214068279,-0.08699383331882933,-0.05623174001380912
2022-08-29,0.018262641661035073,-0.08628307257617084,-0.057995163909103996
2022-08-30,-0.005375223531405031,-0.09161571647384702,-0.058065903497605764
2022-08-31,0.03185233934570941,-0.09196362879938773,-0.05436630639093597
2022-09-01,-0.014870862014028763,-0.09040739587100871,-0.06672617455600154
2022-09-02,0.015469890894594026,-0.09154153180843108,-0.06811996666324857
2022-09-05,0.05119304825811572,-0.09859374540831048,-0.07356346556348858
2022-09-06,0.0510089351619064,-0.09156120256567991,-0.06904581986721077
2022-09-07,0.042452792074662085,-0.08661555645751116,-0.07260413619056799
2022-09-08,0.020112685288494806,-0.08057859621927749,-0.07301221776711503
2022-09-09,-0.21288448239157304,-0.10069465175989366,-0.09473650060257538
2022-09-13,-0.1967009155585276,-0.09449235769949599,-0.09597640141854788
2022-09-14,-0.21558573640188702,-0.10035800529682937,-0.09289093675349892
2022-09-15,-0.2172107493748867,-0.0554602782298175,-0.09280805049143288
2022-09-16,-0.24387469258375183,-0.14236541219069937,-0.10534570273788454
2022-09-19,-0.2142669298537688,-0.1761381987569364,-0.10528775340749415
2022-09-20,-0.3562134227006678,-0.17795474517337698,-0.10543746839841987
2022-09-21,-0.3540301022071157,-0.1837482317024275,-0.1036973119255649
2022-09-22,-0.34887963914139714,-0.18263403378189963,-0.09728545226631483
2022-09-23,-0.29231408524906677,-0.1827998042780364,-0.09621879318289084
2022-09-26,-0.137885231209317,-0.175762704293015,-0.09268375915554534
2022-09-27,-0.03605100107670586,-0.16531638654996597,-0.09142771414419895
2022-09-28,0.05684772051201287,-0.1487303998508379,-0.08886870371675236
2022-09-29,0.03703890590941748,-0.1480967686752104,-0.08801628834566598
2022-09-30,0.03983249753188619,-0.1465962455186301,-0.09084957375759935
2022-10-10,-0.13508761670206715,-0.20459457277577028,-0.09944643289643477
2022-10-11,-0.13400951108926248,-0.2126913935225048,-0.10313837151116242
2022-10-12,-0.0058059881076869034,-0.20615338586975313,-0.09514931543101396
2022-10-13,-0.04440292928391667,-0.20709672928648729,-0.09758660391365757
2022-10-14,0.17016129849929626,-0.16687349888862882,-0.08389561285357311
2022-10-17,0.16439624902738798,-0.16548011203156388,-0.08285752815594584
2022-10-18,0.298390319527702,-0.19256696116759292,-0.08254199987272498
2022-10-19,0.27463522036978405,-0.1851297566430852,-0.07883108320207224
2022-10-20,0.26095902569314017,-0.17632223971780103,-0.07608375064014815
2022-10-21,0.2595372880262715,-0.1767046746994171,-0.06693358582104508
2022-10-24,0.11764502880766117,-0.19307715583399873,-0.07445742623226831
2022-10-25,0.10616505294371581,-0.20516138735171996,-0.07396184455482292
2022-10-26,0.14459440677089935,-0.19795404700964317,-0.0707748266566519
2022-10-27,0.13603117541176454,-0.20369194448882902,-0.07188155856249784
2022-10-28,0.07372160815927775,-0.20701764291005412,-0.07526493019850501
2022-10-31,0.06773957369545001,-0.20739894957983754,-0.08752043058169838
2022-11-01,-0.1111742258732942,-0.19797483716302194,-0.10407811811521794
2022-11-02,-0.16495061435178002,-0.20345793104747908,-0.10579255827524094
2022-11-03,-0.23493101135650662,-0.19642873521253174,-0.10906190847562885
2022-11-04,-0.3343560659882627,-0.20800744870634374,-0.11483670483841588
2022-11-07,-0.34834416612204394,-0.23584449717861034,-0.11455925555887259
2022-11-08,-0.26675034650130486,-0.23816897130436557,-0.11520530388454253
2022-11-09,-0.2515178076030107,-0.23647731956232282,-0.11507750201571991
2022-11-10,-0.3199527728216829,-0.23305748495040746,-0.11357547163985719
2022-11-11,-0.446533946288818,-0.2752494647809349,-0.13021796328023158
2022-11-14,-0.47482860931375526,-0.2564190648710385,-0.12857092931703934
2022-11-15,-0.4273686436468904,-0.24711190931325897,-0.12290872047869252
2022-11-16,-0.3959440271179591,-0.23567028562325,-0.11970766498922503
2022-11-17,-0.3365818783191073,-0.22192579076807561,-0.1174454577999168
2022-11-18,-0.3256771800074894,-0.2187288762805164,-0.1133501649493515
2022-11-21,-0.3408446598177073,-0.22076598282839127,-0.11460802797283198
2022-11-22,-0.2704050002696172,-0.22132568545174194,-0.11467729325960806
2022-11-23,-0.265926557884428,-0.2132795232200351,-0.11423947424461592
2022-11-24,-0.31109774855295086,-0.212107997697521,-0.10902749547974078
2022-11-25,-0.29569479511476215,-0.21614996614775295,-0.11197929283106682
2022-11-28,-0.2107090614097246,-0.20760375739054207,-0.1079168764596014
2022-11-29,-0.24081896944376857,-0.24470019653943953,-0.12361032004263166
2022-11-30,-0.24433303884309532,-0.24394020112116518,-0.12306790345579602
2022-12-01,-0.19029954508787142,-0.22425645938901384,-0.11465208564271541
2022-12-02,-0.1906839580818532,-0.21382209084186005,-0.10927941895898063
2022-12-05,-0.16410730371209745,-0.21288020933171264,-0.1103628476924775
2022-12-06,-0.17034721727629318,-0.21590159507528028,-0.11237352288941665
2022-12-07,-0.1630521973772385,-0.21087030109293373,-0.11422575268354739
2022-12-08,-0.16167946745718415,-0.2123452197588532,-0.11400176400273695
2022-12-09,-0.15131278321987093,-0.21290145754696146,-0.11239341100539967
2022-12-12,-0.05086519474365519,-0.20877754488817998,-0.1123753153298716
2022-12-13,-0.06238201034273748,-0.2054041100625016,-0.11237639441602797
2022-12-14,-0.08468696135090918,-0.1983855660334836,-0.10795840337319175
2022-12-15,-0.12342496159944576,-0.19830809285661213,-0.1071524478905774
2022-12-16,-0.19532515687056298,-0.19328227474497636,-0.10441760577063497
2022-12-19,-0.2929206090875497,-0.19996833396707997,-0.10927973742892703
2022-12-20,-0.18600176268080207,-0.19278384248464128,-0.10070636356219541
2022-12-21,-0.18278500145897159,-0.18677722743478903,-0.09892976163874864
2022-12-22,-0.1884969923464448,-0.18691008743499182,-0.10208229800816748
2022-12-23,-0.18271593846429887,-0.1819420829773495,-0.10135012195943044
2022-12-26,-0.17370883801257628,-0.1769469032930114,-0.1017884337404388
2022-12-27,-0.3078985139597792,-0.1842595150842811,-0.10545983820158807
2022-12-28,-0.10632211912110495,-0.1727359573530227,-0.10537089288300061
2022-12-29,-0.11863988430674324,-0.17037264992094273,-0.10421432883928312
2022-12-30,-0.21589639344487416,-0.16525023580449547,-0.10172587302153184
2023-01-03,-0.20162504014983934,-0.17653243026693202,-0.10121464625079067
2023-01-04,-0.18557205866168783,-0.1752266202368507,-0.10113373963493053
2023-01-05,-0.20493575673199463,-0.17558057608265906,-0.10450023492484532
2023-01-06,-0.20367573888645646,-0.17669977934098874,-0.10748716760813808
2023-01-09,-0.20913784270743976,-0.17289894338649345,-0.108302924191175
2023-01-10,-0.18198306155688232,-0.17382937257587477,-0.1087556802280805
2023-01-11,-0.20783335192848443,-0.17446953213934105,-0.10992206114140453
2023-01-12,-0.22520300682467592,-0.1593623109495626,-0.10768996605279539
2023-01-13,-0.34774195880136577,-0.1644739681551605,-0.11489389113271296
2023-01-16,-0.42781794573177934,-0.17635601891457442,-0.11952992145503222
2023-01-17,-0.4281044669260504,-0.17667240910828705,-0.11939881169093078
2023-01-18,-0.34510285141195646,-0.17092464491910145,-0.12193746094125255
2023-01-19,-0.5632290456850857,-0.16853571186327546,-0.12491160202866594
2023-01-20,-0.5630696677070557,-0.17149317770377634,-0.1264531364503338
2023-01-30,-0.4933964778148985,-0.1656856239587142,-0.123961163336586
2023-01-31,-0.509715384129545,-0.1683135842624868,-0.12470478336934548
2023-02-01,-0.5390373853882477,-0.1708379995633835,-0.1253000916001791
2023-02-02,-0.5297115223632587,-0.1726488749652116,-0.12650706359025116
2023-02-03,-0.5065133175061126,-0.1817194022246593,-0.12664427608656958
2023-02-06,-0.3682281451761683,-0.17832083963627016,-0.12544588722986783
2023-02-07,-0.36059436257349503,-0.17593662764894472,-0.13077676354015869
2023-02-08,-0.34965731191116134,-0.16143062033512634,-0.12862126453057746
2023-02-09,-0.28735119036517115,-0.1585755966753457,-0.12499401137769227
2023-02-10,-0.2275591649040119,-0.15217913499263713,-0.12216687646527079
2023-02-13,-0.21290698975914107,-0.14964971768178045,-0.12201581552105005
2023-02-14,-0.2167401251366568,-0.14797883438393802,-0.12179951101507047
2023-02-15,-0.23905829664166303,-0.14572022681902505,-0.11891524079839441
2023-02-16,-0.26382708933070914,-0.14954377660146873,-0.1252669030592354
2023-02-17,-0.1996160374266042,-0.1462507897981744,-0.11860649365489968
2023-02-20,-0.307666941333796,-0.168927794737407,-0.12227034262289074
2023-02-21,-0.1652962051957153,-0.18067573952734922,-0.12099237146821232
2023-02-22,-0.18228441297242268,-0.1837015664771821,-0.12140670885270777
2023-02-23,-0.18377355812200316,-0.18948116718404479,-0.12153781790597196
2023-02-24,-0.21481381435677097,-0.1930001889482303,-0.13006999752949158
2023-02-27,-0.19682156073670146,-0.19568253443384306,-0.1323728508624585
2023-02-28,-0.23554320556998165,-0.18972983865340834,-0.13135468032529957
2023-03-01,-0.16832135048775954,-0.20244984345738018,-0.13056134787281298
2023-03-02,-0.14990467758618714,-0.2003068777415384,-0.12928319447514064
2023-03-03,-0.1320098148695958,-0.20121468877019086,-0.12767980690526173
2023-03-06,-0.14033528783016136,-0.1999327681919558,-0.13263322501050526
2023-03-07,-0.20726770993669788,-0.20137970677138134,-0.13502480828727978
2023-03-08,-0.2214976631934928,-0.2003582055493616,-0.13855496463767156
2023-03-09,-0.23237891711455128,-0.19995404762171187,-0.13802913030858707
2023-03-10,-0.30807471782082513,-0.20357461423856898,-0.14282008848709798
2023-03-13,-0.32182390723844234,-0.2055893323001903,-0.1442048055413516
2023-03-14,-0.35073349457883596,-0.20194560943234008,-0.14227486344420398
2023-03-15,-0.3567335911125971,-0.20349806990558486,-0.14363004473418217
2023-03-16,-0.38734680137254185,-0.21084611113820828,-0.15110629708990753
2023-03-17,-0.37706224535884325,-0.21344983510312768,-0.1480633887018931
2023-03-20,-0.41013571609214455,-0.21451991778066237,-0.14593431255810493
2023-03-21,-0.35687663683623877,-0.21793636792061064,-0.14489922495349955
2023-03-22,-0.5710194895305795,-0.20691395794113626,-0.1492122117781216
2023-03-23,-0.5908958295705385,-0.21027675405262172,-0.14810113772057562
2023-03-24,-0.5474253875355655,-0.2141664970875533,-0.15377483317928672
2023-03-27,-0.5200547899030363,-0.21665503050103802,-0.13343464971007069
2023-03-28,-0.5170117418278163,-0.22045433246812215,-0.17959013637294818
2023-03-29,-0.5529237658805408,-0.21999218546442706,-0.19767409540755507
2023-03-30,-0.6660395159305624,-0.2229353661179523,-0.2008668229185419
2023-03-31,-0.6963714168731754,-0.22027314316263832,-0.20245505993409554
2023-04-03,-0.7388397472384307,-0.226711459491495,-0.20569543045144553
2023-04-04,-0.7244047593634344,-0.22925970609238608,-0.20707685078154583
2023-04-06,-0.698271813589995,-0.23981937885123006,-0.20841090892529612
2023-04-07,-0.6050296939178229,-0.241459340625332,-0.2035651137544577
2023-04-10,-0.597275442930484,-0.2570846041565131,-0.20271799768361695
2023-04-11,-0.6015315874900203,-0.2596573449835007,-0.20294468731550716
2023-04-12,-0.578373657840075,-0.26174273240084084,-0.20292966428941175
2023-04-13,-0.46792356076902214,-0.2377705051089935,-0.21942668893647188
2023-04-14,-0.4936555666194146,-0.2381286843517299,-0.22392109355000842
2023-04-17,-0.46416456427435077,-0.25795513281010657,-0.2312279663703928
2023-04-18,-0.44276140125066665,-0.25484154249190466,-0.22988454178293066
2023-04-19,-0.42148833560686105,-0.2902804359599312,-0.2265139889454892
2023-04-20,-0.35383874581622493,-0.2900271699447927,-0.22572106069090186
2023-04-21,-0.46307269705154575,-0.2994705095603966,-0.24547181483746844
2023-04-24,-0.427565859870835,-0.30292522238690034,-0.243902472819857
2023-04-25,-0.45067885727528806,-0.3075779550069961,-0.24141741629651156
2023-04-26,-0.44506222742996177,-0.3093154771958673,-0.2423114265373597
2023-04-27,-0.3353711838075682,-0.2893813303956753,-0.2383187291975925
2023-04-28,-0.3642553459000929,-0.29197276331771493,-0.24623313091058313
2023-05-04,-0.3155848918461907,-0.29992862874737053,-0.24692292258728635
2023-05-05,-0.3270246898525887,-0.298592235016455,-0.249278432656125
2023-05-08,-0.3529332969503918,-0.30109683499501044,-0.25164338835177796
2023-05-09,-0.3521732485388829,-0.2990106726043997,-0.25145303589430257
2023-05-10,-0.3783764127112656,-0.2924381729029827,-0.2409525547090812
2023-05-11,-0.4524413960867449,-0.29160099315449234,-0.24262517481605625
2023-05-12,-0.3452302648597813,-0.28449016761237095,-0.23728339197378603
2023-05-15,-0.3946795034588707,-0.27803996852060936,-0.23694290912754706
2023-05-16,-0.3875496509279974,-0.27822757543160576,-0.2518533100692756
2023-05-17,-0.396673592568008,-0.2730687095657463,-0.25067337527832567
2023-05-18,-0.3820010235210766,-0.2752860975141904,-0.2511474517666198
2023-05-19,-0.21933937572475293,-0.26843600339496443,-0.24607505343439548
2023-05-22,-0.2282422853645539,-0.22953599481441714,-0.24858762796708936
2023-05-23,-0.2931502087513945,-0.25118518298175135,-0.2505251717434204
2023-05-24,-0.26419669328740575,-0.25778560481687435,-0.24856343696876965
2023-05-25,-0.19110913387904493,-0.26841151130531593,-0.24634328449838283
2023-05-26,-0.18979586263073006,-0.2859020983602832,-0.24561608093637427
2023-05-29,-0.20429600611376184,-0.2982243796830155,-0.24797467930798636
2023-05-30,-0.21660615461035101,-0.29517893585279736,-0.24747629419620432
2023-05-31,-0.3323472074598565,-0.2974621023683579,-0.2495272011581908
2023-06-01,-0.2892587038149868,-0.29876372572958376,-0.245748565362738
2023-06-02,-0.4598019747238195,-0.3150309255132705,-0.2525977066358368
2023-06-05,-0.48860935592520083,-0.3144218226372497,-0.254750197919025
2023-06-06,-0.45438819451912726,-0.33874055232198313,-0.258411373654755
2023-06-07,-0.4509367309496177,-0.30152674368591215,-0.26340811091791905
2023-06-08,-0.44532288856566177,-0.305246323130841,-0.2644323804286709
2023-06-09,-0.35395426888656645,-0.318450680059546,-0.2582568995438052
2023-06-12,-0.4153174081924697,-0.3189304502746893,-0.2517001987307552
2023-06-13,-0.31785491156468876,-0.31076541025949617,-0.24771576740952853
2023-06-14,-0.32001149383185945,-0.30576037084204166,-0.24750762220201608
2023-06-15,-0.47673593447997153,-0.32838031332617384,-0.2535898422142038
2023-06-16,-0.5185344310952525,-0.3401106189960659,-0.25942834903551104
2023-06-19,-0.533290741556778,-0.32827393150306955,-0.25552776877706146
2023-06-20,-0.551287836541064,-0.33233532529950355,-0.2539469153231032
2023-06-21,-0.5053610334319508,-0.33626869772395307,-0.2540776883752282
2023-06-26,-0.5299505440687254,-0.3526474682253488,-0.25700189369014137
2023-06-27,-0.5526433605150167,-0.3572165248613539,-0.2585841720533256
2023-06-28,-0.5564823991744602,-0.3572955653451407,-0.2557722977498162
2023-06-29,-0.5487939546596401,-0.3477142502875035,-0.2549067915809323
2023-06-30,-0.5062483387414342,-0.36584829106155586,-0.25483123481739145
2023-07-03,-0.523287701190057,-0.37456483770090104,-0.25549511811783887
2023-07-04,-0.5260236904388416,-0.3743778853790391,-0.2557645310713834
2023-07-05,-0.466295186069889,-0.37896723090998546,-0.25508625845201843
2023-07-06,-0.42426739779084294,-0.37285695129883684,-0.24958541967035222
2023-07-07,-0.40413591195678966,-0.36127436619184533,-0.2482680151495433
2023-07-10,-0.38962603071665236,-0.3591555194178045,-0.24099836013282527
2023-07-11,-0.3574122428348122,-0.35424614862906195,-0.2378321815779133
2023-07-12,-0.41390254388894776,-0.35335316456065835,-0.2351594242449591
2023-07-13,-0.41577185836710506,-0.3591162763708919,-0.24498193574792732
2023-07-14,-0.5061847424665489,-0.3614424734219648,-0.24552065675707643
2023-07-17,-0.5347462327106729,-0.3624098408129136,-0.2452305892934291
2023-07-18,-0.4161125052374393,-0.3619534303062055,-0.2454992356663521
2023-07-19,-0.3225162492475285,-0.36236961062908946,-0.2438041990057251
2023-07-20,-0.44620113703266,-0.3672579479560754,-0.24507346817173856
2023-07-21,-0.4498910641033313,-0.3667573603149734,-0.24533037157262114
2023-07-24,-0.4434730126073645,-0.36754156908072677,-0.23742955354162135
2023-07-25,-0.7545102849551397,-0.41980308700955077,-0.26531121480158426
2023-07-26,-0.7387634194636729,-0.4063435294289982,-0.2658478138154524
2023-07-27,-0.7407732234805112,-0.4062917606224275,-0.2661029326414657
2023-07-28,-0.7276925698627242,-0.4114898940621031,-0.26700779558967236
2023-07-31,-0.768127474205184,-0.41588208065049753,-0.2674656215503634
2023-08-01,-0.7589606983538474,-0.4120982032883494,-0.2677166930878538
2023-08-02,-0.7736553701207908,-0.4297776676464571,-0.2702389224803954
2023-08-03,-0.7160846981632505,-0.41580000941782086,-0.2656113181602928
2023-08-04,-0.7538034259081074,-0.41170867352092555,-0.26533642252126455
2023-08-07,-0.7455918952525014,-0.4112282335607606,-0.2660805648586844
2023-08-08,-0.7487136277560507,-0.411468415276698,-0.2711365349276333
2023-08-09,-0.755455024894152,-0.4233341867557651,-0.2723269145062508
2023-08-10,-0.7696273267602829,-0.4289167734262242,-0.27271408457068536
2023-08-11,-0.7108201723684588,-0.4257688165258325,-0.26574584489055847
2023-08-14,-0.7155939352901532,-0.44026528508743235,-0.26963555641242815
2023-08-15,-0.6835213253670329,-0.4424296780461391,-0.2681922634730335
2023-08-16,-0.6870095772524369,-0.4471456875748195,-0.2693736209001213
2023-08-17,-0.693552693860949,-0.4486200762895331,-0.2689501912885108
2023-08-18,-0.6905403164089322,-0.4511985228722022,-0.26929537741642495
2023-08-21,-0.71466326736393,-0.45751451214164385,-0.2746982593459016
2023-08-22,-0.697316579639594,-0.4731939942773672,-0.27883981774288114
2023-08-23,-0.4487106191062433,-0.4461181820681445,-0.2795217741983923
2023-08-24,-0.46870149619575713,-0.4975663061995382,-0.29068908981851227
2023-08-25,-0.44445961173973536,-0.4881916127921547,-0.2889507945609043
2023-08-28,-0.4148775983100887,-0.4898913184459347,-0.2968633194983766
2023-08-29,-0.44696752525228356,-0.4933985514310774,-0.2992538307270108
2023-08-30,-0.4338566698168729,-0.4929725492853306,-0.300255736332217
2023-08-31,-0.42498596743202277,-0.49660862829072083,-0.29889288548448917
2023-09-01,-0.5457929690629808,-0.510637558761651,-0.31567250575744904
2023-09-04,-0.5904192214706603,-0.5231464899957494,-0.3189493619292643
2023-09-05,-0.5760372545565,-0.5205877574111681,-0.31940438620149636
2023-09-06,-0.5540597548325756,-0.5109661582273597,-0.31604650261947753
2023-09-07,-0.5133962223932982,-0.4917281563730955,-0.30891690838029745
2023-09-08,-0.5159057396747649,-0.4945621138061464,-0.3094347671943391
2023-09-11,-0.4770170026601057,-0.4896790079658631,-0.3072741352969377
2023-09-12,-0.46339716385309293,-0.48787003613071306,-0.3074105089933905
2023-09-13,-0.5033697483730906,-0.48743476679731984,-0.3087136698521964
2023-09-14,-0.4717773463568568,-0.4841619030620605,-0.3054235145205029
2023-09-15,-0.4027895844735823,-0.46633798164271945,-0.30112675123419624
2023-09-18,-0.37517731658923487,-0.4603386533136298,-0.3018052111818297
2023-09-19,-0.27589245808908897,-0.4595087870618833,-0.3032128396746563
2023-09-20,-0.2037185527095144,-0.457606490283739,-0.3030744834816394
2023-09-21,-0.26634766470750715,-0.4572617325293193,-0.30549665068107085
2023-09-22,-0.401901682052593,-0.47475044172670416,-0.30690424988598114
2023-09-25,-0.42175315654218665,-0.4691441711776735,-0.30696597801246017
2023-09-26,-0.4486067043578932,-0.47237750028889447,-0.31099130394214036
2023-09-27,-0.4105900948373908,-0.4722168160525587,-0.3116085997846548
2023-09-28,-0.4208244512527355,-0.4727144445899428,-0.3158331827727034
2023-10-09,-0.416538466540996,-0.47307513937645845,-0.31580195765707636
2023-10-10,-0.3266313445088524,-0.46297053839298735,-0.3142372149553386
2023-10-11,-0.27795421050150493,-0.46618269922275124,-0.31416639412059993
2023-10-12,-0.2119857409834509,-0.4529227238746081,-0.3134260457992475
2023-10-13,-0.2691326586338931,-0.45732525291343296,-0.3170527389574297
2023-10-16,-0.3840992093445799,-0.45967375377979164,-0.32536282227954105
2023-10-17,-0.3969187075332006,-0.47490327874163113,-0.33131692640184723
2023-10-18,-0.4223259031380406,-0.4700865657528957,-0.3393390956869882
2023-10-19,-0.10384499834653588,-0.4171016605246589,-0.32045043059502876
2023-10-20,-0.11200647594791599,-0.42036934187397523,-0.3233737885949675
2023-10-23,-0.16653245537454434,-0.4273331161210625,-0.31409681238148157
2023-10-24,-0.23583867027965585,-0.4286399231800829,-0.31468208254006014
2023-10-25,-0.11704003591856892,-0.40758584267760045,-0.3196894925471732
2023-10-26,-0.12624778857969546,-0.41235218370905563,-0.31923259376558555
2023-10-27,-0.1075801745918487,-0.4066961287731578,-0.3393569709144836
2023-10-30,-0.05517187204818227,-0.404584995665384,-0.3383762030879966
2023-10-31,0.1488217197839268,-0.39468062064293624,-0.3387911302566528
2023-11-01,0.13724846322228085,-0.3938645449474248,-0.34031348765582214
2023-11-02,0.11665601556144553,-0.3962778006518306,-0.3442969302782662
2023-11-03,0.0864394845678492,-0.39809722766026845,-0.34552266869678333
2023-11-06,0.10679760624983102,-0.405241469422586,-0.336752387623462
2023-11-07,0.11305463160390293,-0.40319492011217745,-0.3370565696356129
2023-11-08,0.07697939509352696,-0.405355872572267,-0.3428503212480338
2023-11-09,0.11610691531423681,-0.4073894122810989,-0.3412369855250077
2023-11-10,0.0874689390768109,-0.39936739865772963,-0.3401851502370034
2023-11-13,0.12046537708512074,-0.39804263542927637,-0.3384588226316259
2023-11-14,0.14516295213880417,-0.39426952837207624,-0.33260928579868093
2023-11-15,0.17157919893955614,-0.3941956290153579,-0.3315994818901882
2023-11-16,0.0961116217390582,-0.4085593628573484,-0.333921047964366
2023-11-17,-0.37996308923061756,-0.4085920803717229,-0.3305160416293576
2023-11-20,-0.32352028187581156,-0.40880137126745847,-0.330862499357317
2023-11-21,-0.25451233360150965,-0.4121534636322552,-0.3296699198623155
2023-11-22,-0.008781496853224732,-0.3954615112393464,-0.3239440998571493
2023-11-23,-0.15549005125264934,-0.41136220756914504,-0.3265662457364625
2023-11-24,-0.17862655431761512,-0.4164442103992253,-0.30767389186446187
2023-11-27,-0.15051815406749366,-0.39888733150802713,-0.31246021967377974
2023-11-28,-0.11558719736421749,-0.39474387803092953,-0.31618656191535105
2023-11-29,-0.1265472056068993,-0.3983740169499753,-0.3238500037135
2023-11-30,-0.12244442592394789,-0.3981971915007858,-0.3340434386864876
2023-12-01,-0.09329306904457202,-0.397286188077749,-0.33990218137983846
2023-12-04,-0.047299665773788024,-0.3928260524236446,-0.3361819046457247
2023-12-05,-0.2275307436784318,-0.3939376217059028,-0.33798753141442617
2023-12-06,-0.2347731601126889,-0.39808870818892433,-0.3405177293328738
2023-12-07,-0.2370002845053472,-0.3771792353355734,-0.3397177014073576
2023-12-08,-0.22796708637396118,-0.37554844816127614,-0.3378734422495438
2023-12-11,-0.0847054860123913,-0.35834718566443013,-0.34356206135284456
2023-12-12,-0.0937453569857472,-0.35750367044236536,-0.32341453416544175
2023-12-13,-0.24492049306688132,-0.37153557950340244,-0.3321285069817343
2023-12-14,-0.22203504412445987,-0.38115272054865285,-0.3425821555641127
2023-12-15,-0.18322139285063535,-0.3811187510947337,-0.3430154110650428
2023-12-18,-0.17933715347024165,-0.39686434464868847,-0.3441974687868089
2023-12-19,-0.16385517547670933,-0.39611404461684974,-0.34128380849739454
2023-12-20,-0.10676772733538975,-0.3655585186505674,-0.3384348025045608
2023-12-21,-0.12484489654896058,-0.34156105639522244,-0.3354360016347081
2023-12-22,0.022991031911281493,-0.3491410461638303,-0.3333925696661887
2023-12-25,0.07414557051431658,-0.34211371483182135,-0.3321056023870824
2023-12-26,0.04418321640407189,-0.3370932797381197,-0.3323270015109184
2023-12-27,5.940797777711943e-05,-0.33332516592883715,-0.34173620752612394
2023-12-28,-0.21228758376245682,-0.3382094339840301,-0.3459835869713652
2023-12-29,-0.20833385901243096,-0.33720129332397064,-0.3453500503788234
2024-01-02,-0.09729240561536294,-0.32232257928831837,-0.3327854236218004
2024-01-03,-0.1331387906055661,-0.33295914381534725,-0.34562307530159614
2024-01-04,-0.06451922541557899,-0.32450789683757386,-0.34716339804232454
2024-01-05,-0.07668396106351806,-0.32555190737387174,-0.3482233694735361
2024-01-08,-0.02980627794898094,-0.3156320356755151,-0.3458554636011126
2024-01-09,0.0028850694244985098,-0.31323211818196994,-0.34211818999525956
2024-01-10,-0.028080402919899158,-0.3069515079851536,-0.33201050950975847
2024-01-11,-0.01806079499100722,-0.30737547431999124,-0.33092398608114226
2024-01-12,0.18998745546183407,-0.30510914025557945,-0.32647469775255533
2024-01-15,0.16716035316033814,-0.3053753274988976,-0.3267883906352835
2024-01-16,0.16697203882020614,-0.30538261981597264,-0.33040773503924764
2024-01-17,-0.0012671119342236017,-0.31696168363680555,-0.3369512079707674
2024-01-18,-0.07078120435412624,-0.31622552761538475,-0.3361961149854554
2024-01-19,-0.10829202483994474,-0.31474732301474706,-0.33525652611076967
2024-01-22,-0.21077903281263377,-0.32200048776341705,-0.3388538018855034
2024-01-23,-0.2426402448025402,-0.3223684203391455,-0.3410659483657081
2024-01-24,-0.25811620396455437,-0.31598568640963426,-0.33774329542699444
2024-01-25,-0.18154153730324032,-0.29648984029673936,-0.32874941257414486
2024-01-26,-0.183093418941207,-0.20872600697091448,-0.32273323998470954
2024-01-29,-0.10274616320470051,-0.21437600353597355,-0.3159788460984455
2024-01-30,-0.22369689922707384,-0.23570505856989146,-0.32396472702375956
2024-01-31,-0.3209858931111572,-0.2262492384157383,-0.32596503936099563
2024-02-01,-0.3281980194113823,-0.22401242676601735,-0.32785335876539284
2024-02-02,-0.333513107919134,-0.22398348714765123,-0.32480577122021465
2024-02-05,-0.2994876853906519,-0.21592323930410298,-0.3317508528182106
2024-02-06,-0.5607154864031623,-0.2894455849733276,-0.35184453792849185
2024-02-07,-0.542821199612849,-0.2792634909242032,-0.3446886441490482
2024-02-08,-0.5864776610795497,-0.2837048094051198,-0.34668726493865376
2024-02-19,-0.527601528034366,-0.26702663463276466,-0.33873638897364644
2024-02-20,-0.6060806694633836,-0.2655028879000912,-0.34356735631110513
2024-02-21,-0.5533484525396276,-0.2488756905387398,-0.33869990004166367
2024-02-22,-0.5315381240425476,-0.23898277901121032,-0.3357832714102593
2024-02-23,-0.504430967968633,-0.2364908730613646,-0.3421658975461258
2024-02-26,-0.49310455709725554,-0.24170624880898586,-0.3454742957121976
2024-02-27,-0.4983649714421256,-0.23970184317069015,-0.34700195902256425
2024-02-28,-0.513883327054637,-0.2476107933030002,-0.3509409527448709
2024-02-29,-0.5056724398887005,-0.2323596458258597,-0.3452659694516039
2024-03-01,-0.4181917572927842,-0.225282990026932,-0.34574202591143954
2024-03-04,-0.45775108328907443,-0.20919212788914376,-0.3477580956691036
2024-03-05,-0.46916092675579596,-0.20979423726210053,-0.33284129824623826
2024-03-06,-0.4773891589481609,-0.21344253895388188,-0.35338451292885015
2024-03-07,-0.38539064000750833,-0.21540027654706784,-0.3499071271821581
2024-03-08,-0.3665179702391918,-0.21375755639341615,-0.35078052668700077
2024-03-11,-0.3930382277390579,-0.21001951687315226,-0.350791544529587
2024-03-12,-0.3799825975880758,-0.2119322321333412,-0.35105297713131617
2024-03-13,-0.3953694838575384,-0.2150315011609525,-0.3543438044945709
2024-03-14,-0.11012885796708544,-0.2008142289073014,-0.35582307451683365
2024-03-15,-0.14105736425462995,-0.18321216718170816,-0.35596547450905314
2024-03-18,-0.11733708435467449,-0.18321026310714936,-0.35472573945970487
2024-03-19,-0.21592010082131938,-0.19456479368205937,-0.3556193695453547
2024-03-20,-0.20640994690179063,-0.2082785540444822,-0.3524531300327351
2024-03-21,-0.2820711753662895,-0.20642405192115046,-0.35303520427746754
2024-03-22,-0.18596878506833486,-0.18772989774652812,-0.34080830647356813
2024-03-25,-0.18012313806214034,-0.18626091815677404,-0.33837355194022706
2024-03-26,-0.14920642925399114,-0.18348073518438504,-0.3366657185758264
2024-03-27,-0.19540038645149257,-0.19123098724425094,-0.3381682700662697
2024-03-28,-0.12522316357575744,-0.20674757154298548,-0.3383627165828369
2024-03-29,-0.15429848764564305,-0.1952800471447711,-0.32871450255047535
2024-04-01,-0.25784883124171154,-0.22344136997978267,-0.33976780960634306
2024-04-02,-0.2900015362452388,-0.22645681849071667,-0.3400660023695175
2024-04-03,-0.3352950948780227,-0.22222273231080014,-0.3377694735428236
2024-04-08,-0.33395230915643914,-0.19932145503033996,-0.33918824725167757
2024-04-09,-0.35754909528943324,-0.20276393325905037,-0.33722203838255216
2024-04-10,-0.3000211264011053,-0.1951819191335222,-0.33506149567773263
2024-04-11,-0.28021996731221055,-0.19520480422128006,-0.33450083928990776
2024-04-12,-0.3031082849552463,-0.2012807618869411,-0.3377468589681524
2024-04-15,-0.24361166104879664,-0.19719268207131735,-0.33371049941727554
2024-04-16,-0.27007866918420936,-0.20433483207255523,-0.33163309506285243
2024-04-17,-0.27966665719088035,-0.20181760800422266,-0.33117539643885935
2024-04-18,-0.2835022465070331,-0.20424283392258583,-0.3261269374778112
2024-04-19,-0.23087604039642745,-0.19726329905167123,-0.3252426058528473
2024-04-22,-0.22494856826245416,-0.19446970392084842,-0.3256528043978819
2024-04-23,-0.2551539475756491,-0.19746298106609453,-0.33351110862511785
2024-04-24,-0.4100801227612362,-0.20659711620192384,-0.334189807510603
2024-04-25,-0.42592010958774523,-0.26115567882128876,-0.3347761391137899
2024-04-26,-0.500953527423773,-0.2761010971478975,-0.34385803170379026
2024-04-29,-0.5172244938978519,-0.28781605344905864,-0.35355013213942765
2024-04-30,-0.5341231416438375,-0.29111951800071445,-0.354265662014352
2024-05-06,-0.5437461691388464,-0.29903142732498483,-0.3482780085627847
2024-05-07,-0.4615883874258056,-0.2952884508270354,-0.3473760627656014
2024-05-08,-0.4501429028460058,-0.2976283538492009,-0.34748773996297533
2024-05-09,-0.4705395515625238,-0.30710202381289015,-0.35182844812499164
2024-05-10,-0.4651372454992289,-0.30529416253119585,-0.34594752600969075
2024-05-13,-0.46368469814526736,-0.3048410522611599,-0.3450439533380042
2024-05-14,-0.5122825482365543,-0.30185477799440774,-0.34551384648012107
2024-05-15,-0.48465647293848185,-0.2967162577085292,-0.3442419182478834
2024-05-16,-0.4517781939342537,-0.3031024937341425,-0.3516862754895282
2024-05-17,-0.5169258595260493,-0.3057093128915319,-0.3509381616563491
2024-05-20,-0.5256625875379796,-0.30448547286580624,-0.3512730500412456
2024-05-21,-0.5535054688178397,-0.3017443884071107,-0.35021364763245305
2024-05-22,-0.5570242001441803,-0.2997410815367948,-0.34477940695802867
2024-05-23,-0.5846409541110903,-0.3022982954653431,-0.3453119799453835
2024-05-24,-0.5278665142463549,-0.2960492836913464,-0.3399679352855197
2024-05-27,-0.4671933352866979,-0.2932008116979574,-0.3383084072832158
2024-05-28,-0.5011485352680608,-0.29199854261480296,-0.3450038087843458
2024-05-29,-0.5004478268944309,-0.29205013929115936,-0.3439424765485125
2024-05-30,-0.40102970051985254,-0.29034329012450166,-0.34353546939429364
2024-05-31,-0.2240888301911864,-0.28518178361833874,-0.3427567504547498
2024-06-03,-0.13374979297245554,-0.2985964139920972,-0.34043634676985685
2024-06-04,-0.11215876348242487,-0.2940184223701631,-0.3455703776760279
2024-06-05,-0.17091792313393828,-0.29457627060584723,-0.34773193482516956
2024-06-06,-0.15617919451596493,-0.3024530145589918,-0.3418980564973175
2024-06-07,0.026290299766677704,-0.30713782422599367,-0.34412118623958815
2024-06-11,-0.012477497980050187,-0.3068111674009563,-0.34596080930018763
2024-06-12,-0.04256935183188862,-0.3064866641964271,-0.3462703608210562
2024-06-13,-0.0460833084293872,-0.305669380825903,-0.34533509476871593
2024-06-14,-0.060939939889517375,-0.3103338087485978,-0.3447282004463794
2024-06-17,0.038636187184838106,-0.30601017645353074,-0.34335039843196175
2024-06-18,0.1409379375595912,-0.3045303627563936,-0.3438240474028103
2024-06-19,0.1087764035412392,-0.30581723418432494,-0.33399854101758214
2024-06-20,0.08667694463811039,-0.3054694423126252,-0.3329599094805984
2024-06-21,0.061223305817788565,-0.31095483585884587,-0.3291405329466911
2024-06-24,0.08042957250079613,-0.31330017702590957,-0.3297927127451861
2024-06-25,-0.043650996766818315,-0.2974602776592179,-0.3291136335605496
2024-06-26,-0.10948113124430871,-0.3049175532079504,-0.33540982712315065
2024-06-27,-0.14159797949115235,-0.30819271014007976,-0.3375591725544693
2024-06-28,-0.15163881674097351,-0.31079688078502604,-0.34461573779816657
2024-07-01,-0.3316865966072745,-0.3125662542398441,-0.34600555343021777
2024-07-02,-0.3613230404824534,-0.3195017783127864,-0.33290081233260815
2024-07-03,-0.4301954398272737,-0.32779252965906114,-0.32754904681836927
2024-07-04,-0.42733852403807265,-0.3233133402300209,-0.33050071318935
2024-07-05,-0.3659446693293229,-0.32203653955127126,-0.3278955475870026
2024-07-08,-0.18178558229349281,-0.30386608918012736,-0.31637608893906566
2024-07-09,0.01943259872004143,-0.2892808200094679,-0.30661229152357933
2024-07-10,0.041589306213513734,-0.2784006783641099,-0.30444443800957366
2024-07-11,0.04555516012077791,-0.27747915457734595,-0.3032385149110026
2024-07-12,0.057169770050324635,-0.2913010781109379,-0.30221154215296714
2024-07-15,0.06288016087490102,-0.28983715954876077,-0.30587248226384567
2024-07-16,0.06425814233663182,-0.29115270150529027,-0.3014163936737122
2024-07-17,0.05583521007703997,-0.28804785697071417,-0.30093779411113963
2024-07-18,0.027732334057027887,-0.2977283217836268,-0.300204802782658
2024-07-19,0.07542066853120456,-0.29528674342708855,-0.2988813534853807
2024-07-22,-0.03153172871751961,-0.3092213829257982,-0.301232973048587
2024-07-23,-0.10305929359326296,-0.31844703001931507,-0.3069951036244657
2024-07-24,-0.07977815027923688,-0.32585120917213384,-0.30794576490725845
2024-07-25,-0.05456457660907524,-0.3232322373449757,-0.30757285664669476
2024-07-26,-0.007103884288912072,-0.3200937224339,-0.3052904215864584
2024-07-29,-0.004218750972331006,-0.3104241770852252,-0.3052015121933689
2024-07-30,0.11938183404388407,-0.3037187109677311,-0.30201935145782927
2024-07-31,0.2234246994520243,-0.2786815225535516,-0.2878450279920309
2024-08-01,0.1984763493786292,-0.27624095117167013,-0.28989955343225154
2024-08-02,0.17328447068467062,-0.2739971513182794,-0.28886118166338703
2024-08-05,0.05513383593505867,-0.2893160960567856,-0.29461701302192767
2024-08-06,-0.06675760724358643,-0.29963031343577595,-0.2926877814228141
2024-08-07,-0.14909736611847793,-0.3003937643040477,-0.2512027823608079
2024-08-08,-0.14810019684872688,-0.29168873733736406,-0.249579265429038
2024-08-09,-0.11094375678940781,-0.2654103329556351,-0.2456312689912359
2024-08-12,-0.09436229683417142,-0.2369601866643377,-0.2282676612784457
2024-08-13,-0.0727148103339569,-0.23273977776798624,-0.22388747675127596
2024-08-14,-0.09986661651221296,-0.23851127748271606,-0.22619389594483463
2024-08-15,-0.14635538199784387,-0.24869154385207146,-0.2292008090807184
2024-08-16,-0.10712354277073666,-0.19304256898065084,-0.23245682631962167
2024-08-19,-0.12368708076116529,-0.19924281465867655,-0.23142105959788392
2024-08-20,-0.09625004825403054,-0.19138233315597974,-0.22997833885696994
2024-08-21,-0.003595952984977619,-0.1962326196065461,-0.22582314374204296
2024-08-22,-0.014004368818506438,-0.19901207065342943,-0.22584174764204004
2024-08-23,-0.0037016492767335822,-0.21073412807384143,-0.2241369551278259
2024-08-26,-0.013436134055833942,-0.21847794600453915,-0.22405506432566394
2024-08-27,0.022750266729026965,-0.20653181777968047,-0.21699858717190887
2024-08-28,0.00389300382556939,-0.20600024881232767,-0.2184930251698569
2024-08-29,-0.14373863933054648,-0.20314873042748566,-0.2161860234841873
2024-08-30,-0.12494294422857971,-0.19787440522652425,-0.21759311745996107
2024-09-02,-0.22877926366141743,-0.23034490550992404,-0.2255592961116085
2024-09-03,-0.15201973567448537,-0.2172126203857654,-0.21775834772683564
2024-09-04,-0.1588288995284698,-0.22199341426701372,-0.21153130109651558
2024-09-05,-0.16337461539990575,-0.2265979404032732,-0.21441519331575498
2024-09-06,-0.17904278760170175,-0.22810639211260014,-0.21713548674735694
2024-09-09,-0.2169886265931757,-0.23559132785194492,-0.22180957367746562
2024-09-10,-0.2665310596572282,-0.23007245806932675,-0.2185089662949958
2024-09-11,-0.3136926040705369,-0.22603096764178648,-0.2144801679120219
2024-09-12,-0.27840652208979183,-0.22074759041403727,-0.21358833149222817
2024-09-13,-0.19660287724367773,-0.22079664952527644,-0.2150583140541428
2024-09-18,-0.19919085405875178,-0.22184081263317318,-0.2080833257471326
2024-09-19,-0.2852649366200537,-0.23125227087608094,-0.20362328811726788
2024-09-20,-0.27638050092631095,-0.2314532157360727,-0.20366843467503395
2024-09-23,-0.3623029495894387,-0.22710836670838774,-0.2066823110551378
2024-09-24,-0.588378842556023,-0.26812296167874544,-0.2376143478555945
2024-09-25,-0.4516892340161038,-0.23976949508007983,-0.22231528542157583
2024-09-26,-0.607386945070705,-0.31386014043943006,-0.2551637654679917
2024-09-27,-0.777772015520715,-0.440867656674529,-0.3362132530264446
2024-09-30,-0.6840970106664443,-0.4312250475835557,-0.3442916825281159
2024-10-08,-0.6342620719963823,-0.4011349177425717,-0.33021344535446007
2024-10-09,-0.6360088913048194,-0.4107740424691875,-0.3471023518271788
2024-10-10,-0.6058940028372827,-0.4052132648295139,-0.33998119690865286
2024-10-11,-0.5964172349774941,-0.3941054557940444,-0.33829770501379164
2024-10-14,-0.5912901962635999,-0.3905744911233979,-0.3369312293371148
2024-10-15,-0.6100465494612239,-0.40016481760636935,-0.3427908817467117
2024-10-16,-0.5932905537774,-0.396100396083415,-0.3346253182193528
2024-10-17,-0.5992205846416054,-0.40058549224528145,-0.33914605214608107
2024-10-18,-0.6078826824322288,-0.41361068718715077,-0.34631274566950515
2024-10-21,-0.6060514816548953,-0.41296806817247556,-0.345855998495917
2024-10-22,-0.6001732132383248,-0.41064976348296794,-0.34640432720304004
2024-10-23,-0.5858310775752487,-0.41361106316614965,-0.3467420887345969
2024-10-24,-0.5712520027108232,-0.40811494688631467,-0.3455978275514219
2024-10-25,-0.5734595371458634,-0.4087319992720946,-0.34556290433360126
2024-10-28,-0.5747252754304286,-0.4094188558377242,-0.3468483118622311
2024-10-29,-0.5816600343159721,-0.4126906957639668,-0.3469028169011693
2024-10-30,-0.5636056648365738,-0.4108020553758696,-0.3449002185781599
2024-10-31,-0.5972926928717329,-0.4087992361233244,-0.34466030323916813
2024-11-01,-0.5649314184915634,-0.4101564277717286,-0.3452458003337482
2024-11-04,-0.5899783927141715,-0.41116497356127624,-0.36455555597743666
2024-11-05,-0.40141589538995237,-0.3887689034645966,-0.35216769022411626
2024-11-06,-0.4093137944683545,-0.38528701818156286,-0.3503801762051465
2024-11-07,-0.18761215097035902,-0.36989523188224466,-0.3402433128425914
2024-11-08,-0.23456468897525093,-0.36959260744873934,-0.3428844105756686
2024-11-11,-0.2415509948139752,-0.3717007589868791,-0.3426696021702484
2024-11-12,-0.29859829310214264,-0.3763507988374192,-0.34676084623539444
2024-11-13,-0.1946128041000249,-0.37459150310004896,-0.34771673528270497
2024-11-14,-0.20667532024876942,-0.37195620116701783,-0.3454999885177627
2024-11-15,-0.119086055793454,-0.36913959911424005,-0.3433599504746352
2024-11-18,0.10775434235553379,-0.3649839584189262,-0.33999438437235463
2024-11-19,0.13145853959852924,-0.36206116015797934,-0.33645935690080037
2024-11-20,0.17715297810628677,-0.36203823695410015,-0.33775057612572973
2024-11-21,0.20961672838329445,-0.3602806743949162,-0.33762266582697814
2024-11-22,0.12499444654712134,-0.3589575992139822,-0.3363608908722315
2024-11-25,0.11895868881265644,-0.36149812393747327,-0.3371048579590939
2024-11-26,0.1188340450444243,-0.36098716481316945,-0.33624884519312054
2024-11-27,0.0852871203929195,-0.3605317893563809,-0.33663664069945265
2024-11-28,0.04041480032228885,-0.36620053552512316,-0.3385075632070388
2024-11-29,-0.0019640901432061214,-0.36889371639144963,-0.339593137927787
2024-12-02,0.06297394245967253,-0.3537585103167212,-0.3294201472767888
2024-12-03,0.09248447758452275,-0.35193613123535883,-0.32863605050278993
2024-12-04,-0.00816403989426457,-0.3541703115329919,-0.3296160575738139
2024-12-05,-0.01215909674857552,-0.3569643865630979,-0.3295282881471515
2024-12-06,-0.10718873126751333,-0.35904368349344273,-0.33559758739970424
2024-12-09,-0.11524128186593764,-0.3591095781060535,-0.33527139426187696
2024-12-10,0.03740536272162702,-0.3306829522529102,-0.3169276950714364
2024-12-11,0.0870630430507128,-0.3294703314428398,-0.31872275004540457
2024-12-12,0.1289293473082413,-0.32595570358749426,-0.31749660690735476
2024-12-13,0.040044714745849384,-0.33231499711957874,-0.3218312783575646
2024-12-16,-0.0036172098873209035,-0.33430918830907724,-0.3228816346100126
2024-12-17,-0.039351793602599536,-0.33452265407667786,-0.32283692435787514
2024-12-18,-0.08149277844526699,-0.3352439505900651,-0.3251443474166312
2024-12-19,-0.07407561963826131,-0.33536451220543523,-0.32383782073327894
2024-12-20,-0.09553920239566205,-0.33639626782874155,-0.3243636251346873
2024-12-23,-0.14254373327108202,-0.33486024026829814,-0.32380031904608775
2024-12-24,-0.16346697308179853,-0.33642372753248034,-0.32472733400766446
2024-12-25,-0.16970519204118,-0.3374347299460767,-0.32667125966505645
2024-12-26,-0.13560538194456853,-0.33548935354625803,-0.3262376611390083
2024-12-27,-0.1339161155047965,-0.3335384770828777,-0.3203872359991826
2024-12-30,-0.12153215247827184,-0.33275545202147955,-0.3226106824817742
2024-12-31,-0.2807603611001255,-0.33857804923062934,-0.3277358948687519
2025-01-02,-0.31819417332634453,-0.3478333400889741,-0.335343472088291
2025-01-03,-0.3328714889769428,-0.3532764816214319,-0.338417618970069
2025-01-06,-0.335137051613671,-0.3536569703652258,-0.340561633402377
2025-01-07,-0.3439501801456128,-0.3543828758725358,-0.3432342788513433
2025-01-08,-0.34514597926927976,-0.3570416264101641,-0.34346706436962565
2025-01-09,-0.5666703797146925,-0.35577464840155054,-0.34205096281106523
2025-01-10,-0.5375039644837613,-0.3627329932785624,-0.3408238507115833
2025-01-13,-0.5943356252851403,-0.3659555834423825,-0.33952488283588267
2025-01-14,-0.3945324512643004,-0.3561977648845418,-0.32884254046736555
2025-01-15,-0.39687229829176024,-0.3579141419566206,-0.33010465903295955
2025-01-16,-0.39183689410048106,-0.35819112544403015,-0.33460299490203066
2025-01-17,-0.38413073827447985,-0.35689548046674097,-0.33385527898293327
2025-01-20,-0.38595529696249065,-0.3572380414593983,-0.33463526927513326
2025-01-21,-0.374367750517771,-0.35648560649486405,-0.33334813081436027
2025-01-22,-0.34268145214916723,-0.35202445881595623,-0.3327523273189121
2025-01-23,-0.33679707316785457,-0.3540225061935082,-0.3336602081157319
2025-01-24,-0.32941891304673937,-0.3521096083192099,-0.3358222792016024
2025-01-27,-0.3276841346151466,-0.3493564141989178,-0.3365927007167948
2025-02-05,-0.36307896975713605,-0.3509487429282223,-0.3401810384893001
2025-02-06,-0.2990418072672463,-0.34943357379925893,-0.33810876360350767
2025-02-07,-0.2576900737912467,-0.3525693228122445,-0.33968663001591753
2025-02-10,-0.07700023601385382,-0.3518929418443472,-0.336567966660791
2025-02-11,0.034725002687657186,-0.3529022844914812,-0.33539283789243607
2025-02-12,-0.007410650726999549,-0.3636702454768766,-0.33688779918908573
2025-02-13,0.012747143320178794,-0.36142581585633776,-0.33461982941204904
2025-02-14,-0.04128342710772177,-0.36336556949459864,-0.3360838662797517
2025-02-17,-0.0791734542553084,-0.3582730743119709,-0.3368213849391666
2025-02-18,-0.051561520775963744,-0.35769809859580537,-0.3380568462914924
2025-02-19,-0.06090274551894108,-0.35684749250981834,-0.33775787871207785
2025-02-20,-0.21280235288293725,-0.3561500241210294,-0.33342307143359196
2025-02-21,-0.2316940570753667,-0.3654896847601364,-0.3320761308018885
2025-02-24,-0.17009890192985416,-0.3802000613506608,-0.3275367792490456
2025-02-25,-0.27641407919953104,-0.38558432003602805,-0.33003989611478607
2025-02-26,-0.22742369845079263,-0.3815546531395075,-0.32877924463280633
2025-02-27,-0.23160163922125207,-0.37914874193870457,-0.3296438203904898
2025-02-28,-0.385280928331422,-0.3846661159339195,-0.3195138340794654
2025-03-03,-0.37863069059918186,-0.384892901984378,-0.32147165226616614
2025-03-04,-0.3928459159296812,-0.38532891016587123,-0.3201937319603587
2025-03-05,-0.3462882404283983,-0.39137519402108645,-0.32302644194112545
2025-03-06,-0.38118657787909055,-0.39686959459307947,-0.32718424070695434
2025-03-07,-0.308472637785657,-0.376214532248581,-0.3198954236092633
2025-03-10,-0.32353988746463475,-0.3763857837086824,-0.32201225793750754
2025-03-11,-0.3247677811345646,-0.37804317872355575,-0.3200676875440374
2025-03-12,-0.3239219942889212,-0.3752456528981659,-0.31858032018933424
2025-03-13,-0.31580789099233453,-0.37521252977855757,-0.31759593044851414
2025-03-14,-0.24384689932298498,-0.37379858976332997,-0.31508068370640696
2025-03-17,-0.1758596377148211,-0.35353429989043383,-0.31078582085598166
2025-03-18,-0.1605138342666948,-0.3525205433037104,-0.3095406814024258
2025-03-19,-0.17181104867097866,-0.35182141786997945,-0.3104593992810209
2025-03-20,-0.2499217298429099,-0.35547598073827197,-0.3140883722811115
2025-03-21,-0.23166423417550316,-0.3472215463965002,-0.3090587738606676
2025-03-24,-0.1625801872370112,-0.34348652176178,-0.3084572722141126
2025-03-25,-0.17603232506974612,-0.3444330834965868,-0.3081585819885938
2025-03-26,-0.1540737130402783,-0.3443473238853985,-0.307375156129137
2025-03-27,-0.1865892999391743,-0.345677454248197,-0.30780724613270916
2025-03-28,-0.18113709596107944,-0.34396752982671885,-0.3068208907373326
2025-03-31,-0.11628576506922253,-0.34397026777160267,-0.30798797734215033
2025-04-01,-0.11607257368070807,-0.3420880781157985,-0.30829922747190674
2025-04-02,-0.11898596652101756,-0.3421530086225664,-0.3084218382255673
2025-04-03,-0.18282905768230112,-0.34269477032494927,-0.30769849056329546
2025-04-07,-0.405287575886932,-0.38030715899506534,-0.345528263900861
2025-04-08,-0.488759763658472,-0.39632208503861927,-0.35024553277406456
2025-04-09,-0.47095415595854406,-0.3753583736573425,-0.3540633746596182
2025-04-10,-0.4875395786645635,-0.3191347934397095,-0.3544623653555523
2025-04-11,-0.5116102496406091,-0.2942580580361585,-0.3545612502043389
2025-04-14,-0.5153699691807512,-0.30604510512533684,-0.3528722954386365
2025-04-15,-0.5155016552789955,-0.2913563100547412,-0.3526115845561959
2025-04-16,-0.5875492105584179,-0.299093438708683,-0.3535617089186655
2025-04-17,-0.5872070882498082,-0.30197047947332284,-0.34784804814690373
2025-04-18,-0.5870962391658708,-0.30497285951810127,-0.34742463674315044
2025-04-21,-0.5794386838609398,-0.29355339639101896,-0.3469825450059539
2025-04-22,-0.6227327027886114,-0.29598406234487495,-0.34610889489841423
2025-04-23,-0.6265500970608532,-0.2891292764863196,-0.34546103850396714
2025-04-24,-0.6233059262999088,-0.2757692320231713,-0.34711458902326725
2025-04-25,-0.6378178036953939,-0.276345169386381,-0.3469903535059058
2025-04-28,-0.6360056795539477,-0.27337034311197267,-0.34550860308330095
2025-04-29,-0.6249876224540266,-0.2712788466333705,-0.3467546831581716
2025-04-30,-0.624037397685105,-0.27659988426441084,-0.34613005164887345
2025-05-06,-0.6246698738135075,-0.2756124748969865,-0.34595466258507107
2025-05-07,-0.6423248479967636,-0.2789857538654535,-0.3472827618900162
2025-05-08,-0.6633537232237979,-0.2726136746432217,-0.3460917798150236
2025-05-09,-0.2140642191466204,-0.2744984316646576,-0.34583414011881086
2025-05-12,-0.24143958204992289,-0.28663631192309336,-0.34785184816179865
2025-05-13,-0.33863111428158654,-0.2862861572872941,-0.3475945106186768
2025-05-14,-0.44068183481225653,-0.2901828472686229,-0.3496440145581771
2025-05-15,-0.39844754015749423,-0.310299094519847,-0.3452718367696713
2025-05-16,-0.37095074433269576,-0.30912268366174306,-0.3412496927088873
2025-05-19,-0.39583658997663146,-0.3314562108217061,-0.340732946740709
2025-05-20,-0.35185669956935445,-0.3264081928376318,-0.3386349565242363
2025-05-21,-0.36538385410294333,-0.32696510333494366,-0.3397608621983213
2025-05-22,-0.35995246197102565,-0.31996203167853593,-0.33953461238799376
2025-05-23,-0.3453622563177435,-0.31840971082930647,-0.33757212047858837
2025-05-26,-0.33335918223362243,-0.3217183783179401,-0.3374019331911816
2025-05-27,-0.29826076111905875,-0.323127515401733,-0.3360056520926912
2025-05-28,-0.305314609817505,-0.327008652573507,-0.3359653994655788
2025-05-29,-0.34305229756750344,-0.3362710449347497,-0.33767696184550866
2025-05-30,-0.3758123001217303,-0.3376749130946377,-0.338061414324751
2025-06-03,-0.36917468374161067,-0.3397238191275769,-0.33803230463225503
2025-06-04,-0.3653635096394062,-0.3440447124125233,-0.33764604229071854
2025-06-05,-0.411690118049438,-0.34275607027206934,-0.3385269733680559
2025-06-06,-0.3854154117757196,-0.34312900537734325,-0.3384665777146939
2025-06-09,-0.44581714719233767,-0.3433816179998651,-0.3375692791821678
2025-06-10,-0.43689420059518125,-0.3395676738696228,-0.33910579289749454
2025-06-11,-0.18615068188922107,-0.33579087822866466,-0.3391944188116745
2025-06-12,-0.20713469778716476,-0.3530921343491026,-0.3382258991280687
2025-06-13,-0.03759046807519944,-0.35326167285066823,-0.3381167636178883
2025-06-16,-0.049825195196436974,-0.3506781582388432,-0.3385843077514847
2025-06-17,-0.09734340599832066,-0.3508387314914677,-0.34006998363540625
2025-06-18,-0.07873823558913735,-0.35196749436445585,-0.3410879657231314
2025-06-19,-0.18763610928456956,-0.3508946214923404,-0.3410032506757472
2025-06-20,-0.18265499905755408,-0.3891963377910586,-0.3405322865458335
2025-06-23,-0.18380825213649182,-0.39013487213044673,-0.3405826914098669
2025-06-24,-0.29823776029583804,-0.40239349139762,-0.3423004479841048
2025-06-25,-0.304797644789566,-0.3921663452023549,-0.34219526415313783
2025-06-26,-0.3675008085147463,-0.3886235996517496,-0.3418424144522428
2025-06-27,-0.3990249889032561,-0.3894719788975507,-0.3423764341629052
2025-06-30,-0.3730678475622216,-0.3887824885757609,-0.34280062352623125
2025-07-01,-0.2910485862629051,-0.3880018088456639,-0.342526788733517
2025-07-02,-0.2833490826458941,-0.38612573821253304,-0.3427275368261781
2025-07-03,-0.3232363258279697,-0.3862464521950057,-0.3423974230938619
2025-07-04,-0.3245854660945641,-0.3857758182079805,-0.34240507638451145
2025-07-07,-0.3155388264028993,-0.38575095552131367,-0.3430348580063062
2025-07-08,-0.3833405112046696,-0.3876648020895797,-0.34305256792501143
2025-07-09,-0.40593018023668986,-0.39063874829371986,-0.3425973773084044
2025-07-10,-0.4542386577511335,-0.3908236821774265,-0.34288361848563836
2025-07-11,-0.46651330149629644,-0.3769763131902354,-0.3416543897527673
2025-07-14,-0.4437217532152185,-0.36006227404556507,-0.34145114104434493
2025-07-15,-0.43134433589533844,-0.34970887281289637,-0.3413301691464286
2025-07-16,-0.3928307742045416,-0.34840603490013505,-0.34104055229140434
2025-07-17,-0.34997317743384776,-0.3445486834277884,-0.34029717983414476
2025-07-18,-0.3937046187538926,-0.34564121804994935,-0.3421976776847774
2025-07-21,-0.3893747505111951,-0.35121251070340687,-0.3440683288159054
2025-07-22,-0.4213770034624719,-0.35824929316438314,-0.35070075887193575
2025-07-23,-0.32960715931974033,-0.3610928856409298,-0.35453131671557153
2025-07-24,-0.4490328254248519,-0.3947171798442361,-0.35551543332556995
2025-07-25,-0.43831867813482484,-0.3893950298217498,-0.35540974295680655
2025-07-28,-0.34153267537873905,-0.38569653147441074,-0.3545429992895215
2025-07-29,-0.3381032790997737,-0.3866334343353952,-0.35458691887076177
2025-07-30,-0.36430994522442,-0.3866583464116271,-0.3547388445985448
2025-07-31,-0.48220151089035723,-0.39691453825586054,-0.3576832203771715
2025-08-01,-0.47129168495652796,-0.40098405787644065,-0.35638430277997035
2025-08-04,-0.46143167914037203,-0.3999736865464109,-0.3577179780019245
2025-08-05,-0.40438329423851505,-0.39754553639524925,-0.3554070352291571
2025-08-06,-0.39153556455834154,-0.39508384738441993,-0.3528308635310815
2025-08-07,-0.3877585096179111,-0.3932312260730671,-0.3532532756927768
2025-08-08,-0.37480013929804623,-0.4025199027739913,-0.35380272464581475
2025-08-11,-0.3880123874522307,-0.4003525804837628,-0.3545036221324911
2025-08-12,-0.4030707155499438,-0.401304453853017,-0.3548602517943609
2025-08-13,-0.3835921432569614,-0.3982775329688771,-0.3548203285823045
2025-08-14,-0.37921696707295055,-0.39327822236929244,-0.3608939495133957
2025-08-15,-0.4057417651986804,-0.39405794418090306,-0.36005823633573925
2025-08-18,-0.44845250247422036,-0.39458473169570213,-0.3615653676571214
2025-08-19,-0.4676935742453867,-0.39512309676764173,-0.3587519996424658
2025-08-20,-0.49630013137684825,-0.4073199257068581,-0.3623040346222671
2025-08-21,-0.5021404942396561,-0.4110664688204895,-0.3626003699533394
2025-08-22,-0.5379291748365674,-0.4271104038973235,-0.368689783428023
2025-08-25,-0.2347982648559161,-0.3803807747317205,-0.3604093219855062
2025-08-26,-0.2467708386598289,-0.38906373327254956,-0.3718162215272288
2025-08-27,-0.26021756995023376,-0.3798674448788525,-0.37254908157261785
2025-08-28,-0.25269578645005136,-0.3857373913687206,-0.3712911565798857
2025-08-29,-0.23570193354984567,-0.39683686913968175,-0.3747504989816201
2025-09-01,-0.22758268351472488,-0.3813171049159489,-0.3730890337291268
2025-09-02,-0.20563779527986806,-0.37874299950625745,-0.37255449635424714
2025-09-03,-0.2906504953584068,-0.3839844996263801,-0.3744592839706371
2025-09-04,-0.33629845948091674,-0.3880413261975679,-0.3791144176548056
2025-09-05,-0.42418688525928333,-0.3960067336870021,-0.38573704208715875
2025-09-08,-0.4138984433763441,-0.42634608646430894,-0.3861604278194078
2025-09-09,-0.392405575998703,-0.42072864752419536,-0.3843908827439337
2025-09-10,-0.36005188250705733,-0.4245908957672486,-0.3875271727425463
2025-09-11,-0.28175059096469124,-0.4085364528037252,-0.38182119616555915
2025-09-12,-0.3178999419161956,-0.4130076882036385,-0.3832893712702727
2025-09-15,-0.31772150821881157,-0.41635743792258106,-0.3821839832875466
2025-09-16,-0.31903942428269544,-0.44206724782496887,-0.3777465728545677
2025-09-17,-0.29961937350288437,-0.43949810771052983,-0.37624430224930516
2025-09-18,-0.23577545244950832,-0.4311917670892245,-0.3734371529707661
2025-09-19,-0.21452593328844666,-0.4198439281698491,-0.3719701519169366
2025-09-22,-0.13361224271147742,-0.4313204364224866,-0.36972362877551623
2025-09-23,-0.276070885073257,-0.4303092908025921,-0.36643811822478933
2025-09-24,-0.2781680967897346,-0.4312654549837698,-0.36759123723454745
2025-09-25,-0.2761214551381283,-0.43148027403952427,-0.36737624142885683
2025-09-26,-0.29241474122153893,-0.43270873763412826,-0.36875129865245354
