date,000001.SH,T.CFE,S0147027
2022-09-28,3045.0668,100.845,385.6
2022-09-29,3041.2046,100.625,389.04
2022-09-30,3024.3905,100.57,391.0
2022-10-10,2974.1454,100.89,393.12
2022-10-11,2979.7926,100.865,392.62
2022-10-12,3025.5055,101.055,392.4
2022-10-13,3016.3561,101.12,392.5
2022-10-14,3071.9868,101.4,392.5
2022-10-17,3084.9423,101.335,392.5
2022-10-18,3080.9574,101.355,390.66
2022-10-19,3044.3777,101.365,389.82
2022-10-20,3035.0504,101.21,388.3
2022-10-21,3038.9291,101.125,385.6
2022-10-24,2977.5554,101.315,389.38
2022-10-25,2976.283,101.19,394.04
2022-10-26,2999.5036,101.395,394.26
2022-10-27,2982.9029,101.54,393.28
2022-10-28,2915.9257,101.65,393.58
2022-10-31,2893.4829,101.77,390.5
2022-11-01,2969.1995,101.59,391.66
2022-11-02,3003.3699,101.525,391.72
2022-11-03,2997.8057,101.535,390.7
2022-11-04,3070.7964,101.39,390.74
2022-11-07,3077.817,101.435,391.5
2022-11-08,3064.4928,101.55,403.42
2022-11-09,3048.1676,101.53,403.42
2022-11-10,3036.1318,101.51,403.42
2022-11-11,3087.2926,101.12,403.42
2022-11-14,3083.4013,100.425,403.42
2022-11-15,3134.0778,100.49,403.42
2022-11-16,3119.9804,100.27,406.74
2022-11-17,3115.4347,99.825,407.28
2022-11-18,3097.2432,99.56,406.82
2022-11-21,3085.0444,99.675,404.74
2022-11-22,3088.9426,99.7,404.16
2022-11-23,3096.9073,99.935,404.2
2022-11-24,3089.3096,100.11,405.82
2022-11-25,3101.6932,99.755,406.9
2022-11-28,3078.5485,99.53,407.46
2022-11-29,3149.7478,99.2,406.1
2022-11-30,3151.3353,99.295,406.08
2022-12-01,3165.4711,99.58,406.66
2022-12-02,3156.1442,99.61,409.44
2022-12-05,3211.8144,99.59,405.44
2022-12-06,3212.5334,99.35,401.32
2022-12-07,3199.6194,99.585,400.74
2022-12-08,3197.3499,99.79,401.64
2022-12-09,3206.9502,99.725,402.78
2022-12-12,3179.0417,99.72,403.1
2022-12-13,3176.3255,99.605,402.9
2022-12-14,3176.5253,100.07,406.2
2022-12-15,3168.6478,99.955,403.8
2022-12-16,3167.8576,99.995,402.9
2022-12-19,3107.115,100.19,405.1
2022-12-20,3073.7659,100.02,405.1
2022-12-21,3068.4105,100.275,408.18
2022-12-22,3054.4313,100.255,408.56
2022-12-23,3045.8664,100.485,406.24
2022-12-26,3065.5626,100.27,406.68
2022-12-27,3095.5678,99.99,408.96
2022-12-28,3087.3997,100.06,408.22
2022-12-29,3073.7016,100.205,409.64
2022-12-30,3089.2579,100.225,409.42
2023-01-03,3116.5119,100.37,413.0
2023-01-04,3123.5164,100.53,411.4
2023-01-05,3155.2162,100.435,412.0
2023-01-06,3157.6365,100.35,409.0
2023-01-09,3176.0845,100.355,411.3
2023-01-10,3169.5072,100.065,411.3
2023-01-11,3161.8376,100.18,414.1
2023-01-12,3163.4509,100.19,419.14
2023-01-13,3195.3059,100.025,419.14
2023-01-16,3227.5916,99.8,419.14
2023-01-17,3224.2448,99.83,417.98
2023-01-18,3224.406,99.785,417.14
2023-01-19,3240.2794,99.85,418.6
2023-01-20,3264.8138,99.695,422.48
2023-01-30,3269.318,100.03,421.72
2023-01-31,3255.6692,100.205,418.34
2023-02-01,3284.9213,100.11,420.48
2023-02-02,3285.6705,100.305,423.8
2023-02-03,3263.4059,100.355,418.86
2023-02-06,3238.6978,100.265,413.36
2023-02-07,3248.094,100.48,411.8
2023-02-08,3232.1063,100.415,411.1
2023-02-09,3270.3826,100.53,412.36
2023-02-10,3260.6734,100.47,410.3
2023-02-13,3284.1599,100.5,415.0
2023-02-14,3293.2825,100.54,412.0
2023-02-15,3280.4919,100.545,411.1
2023-02-16,3249.0295,100.69,412.12
2023-02-17,3224.0243,100.64,411.5
2023-02-20,3290.3383,100.385,413.96
2023-02-21,3306.5236,99.48,413.68
2023-02-22,3291.1477,99.58,413.78
2023-02-23,3287.477,99.605,412.94
2023-02-24,3267.1597,99.715,413.4
2023-02-27,3258.0344,99.735,412.42
2023-02-28,3279.6053,99.825,413.06
2023-03-01,3312.3478,99.885,413.78
2023-03-02,3310.6536,99.745,416.0
2023-03-03,3328.3927,99.805,416.1
2023-03-06,3322.0259,100.0,416.02
2023-03-07,3285.0988,100.14,420.4
2023-03-08,3283.2479,100.095,420.4
2023-03-09,3276.0937,100.195,420.4
2023-03-10,3230.0766,100.29,420.4
2023-03-13,3268.6955,100.205,422.04
2023-03-14,3245.3123,100.345,422.04
2023-03-15,3263.3148,100.255,422.04
2023-03-16,3226.8912,100.47,429.78
2023-03-17,3250.546,100.425,431.64
2023-03-20,3234.9103,100.49,444.3
2023-03-21,3255.6505,100.38,441.08
2023-03-22,3265.7475,100.405,434.8
2023-03-23,3286.6491,100.335,437.58
2023-03-24,3265.6537,100.23,439.8
2023-03-27,3251.3971,100.45,437.32
2023-03-28,3245.376,100.445,435.36
2023-03-29,3240.0568,100.47,436.94
2023-03-30,3261.2485,100.37,437.84
2023-03-31,3272.8602,100.455,440.32
2023-04-03,3296.396,100.295,435.02
2023-04-04,3312.5578,100.365,439.98
2023-04-06,3312.628,100.35,446.4
2023-04-07,3327.6457,100.55,446.3
2023-04-10,3315.3578,100.605,442.0
2023-04-11,3313.5705,100.765,443.7
2023-04-12,3327.1816,100.83,447.98
2023-04-13,3318.3638,100.765,447.0
2023-04-14,3338.1525,100.73,451.0
2023-04-17,3385.6095,100.575,450.0
2023-04-18,3393.3312,100.69,443.38
2023-04-19,3370.1283,100.735,443.12
2023-04-20,3367.031,100.72,443.02
2023-04-21,3301.2575,100.9,441.64
2023-04-24,3275.413,100.96,440.66
2023-04-25,3264.8717,100.955,444.0
2023-04-26,3264.1006,101.09,445.14
2023-04-27,3285.8844,101.3,446.5
2023-04-28,3323.2746,101.255,450.7
2023-05-04,3350.4587,101.385,457.04
2023-05-05,3334.5028,101.68,458.94
2023-05-08,3395.0036,101.48,452.48
2023-05-09,3357.6707,101.545,450.1
2023-05-10,3319.1506,101.705,456.5
2023-05-11,3309.5512,101.835,455.0
2023-05-12,3272.3619,101.755,453.5
2023-05-15,3310.7367,101.7,453.5
2023-05-16,3290.9874,101.71,450.96
2023-05-17,3284.232,101.63,449.06
2023-05-18,3297.3199,101.63,448.2
2023-05-19,3283.5417,101.305,446.48
2023-05-22,3296.4696,101.36,448.44
2023-05-23,3246.238,101.58,446.52
2023-05-24,3204.7494,101.575,448.78
2023-05-25,3201.2605,101.47,446.8
2023-05-26,3212.5038,101.36,444.46
2023-05-29,3221.4484,101.49,444.5
2023-05-30,3224.2133,101.43,443.68
2023-05-31,3204.5644,101.52,449.98
2023-06-01,3204.6345,101.65,449.94
2023-06-02,3230.0686,101.295,451.2
2023-06-05,3232.441,101.47,446.08
2023-06-06,3195.3404,101.62,448.96
2023-06-07,3197.7587,101.7,449.52
2023-06-08,3213.5855,101.625,447.4
2023-06-09,3231.4055,101.89,450.98
2023-06-12,3228.8336,101.88,451.22
2023-06-13,3233.6734,102.145,452.44
2023-06-14,3228.9887,102.195,451.0
2023-06-15,3252.9751,101.845,449.76
2023-06-16,3273.3341,101.585,449.36
2023-06-19,3255.8057,101.445,450.2
2023-06-20,3240.3648,101.58,450.3
2023-06-21,3197.9011,101.67,448.74
2023-06-26,3150.6189,101.725,448.9
2023-06-27,3189.4427,101.635,448.68
2023-06-28,3189.3758,101.77,447.2
2023-06-29,3182.3812,101.81,450.28
2023-06-30,3202.0623,101.99,447.28
2023-07-03,3243.975,101.88,450.9
2023-07-04,3245.3492,101.745,448.9
2023-07-05,3222.9469,101.915,449.1
2023-07-06,3205.5748,101.855,449.1
2023-07-07,3196.6092,101.935,449.1
2023-07-10,3203.6958,101.975,450.2
2023-07-11,3221.3666,102.045,450.2
2023-07-12,3196.1337,102.05,450.2
2023-07-13,3236.48,102.0,451.0
2023-07-14,3237.7012,101.965,451.0
2023-07-17,3209.6298,102.145,451.0
2023-07-18,3197.8201,102.225,456.1
2023-07-19,3198.8358,102.175,461.48
2023-07-20,3169.522,102.27,461.04
2023-07-21,3167.7452,102.355,458.26
2023-07-24,3164.1608,102.425,458.06
2023-07-25,3231.5213,101.85,455.84
2023-07-26,3223.0279,102.07,457.6
2023-07-27,3216.6709,102.175,458.7
2023-07-28,3275.9257,102.06,455.26
2023-07-31,3291.0398,101.99,455.0
2023-08-01,3290.9493,102.01,456.62
2023-08-02,3261.6903,102.09,456.2
2023-08-03,3280.4626,102.22,454.22
2023-08-04,3288.0842,102.25,453.56
2023-08-07,3268.8311,102.31,454.44
2023-08-08,3260.6196,102.35,454.56
2023-08-09,3244.4867,102.335,454.26
2023-08-10,3254.5597,102.3,453.32
2023-08-11,3189.248,102.36,456.0
2023-08-14,3178.4272,102.45,455.14
2023-08-15,3176.1758,102.705,455.5
2023-08-16,3150.1277,102.815,457.14
2023-08-17,3163.7393,102.72,457.0
2023-08-18,3131.953,102.82,455.94
2023-08-21,3092.9777,103.055,458.1
2023-08-22,3120.3338,102.665,457.24
2023-08-23,3078.4021,102.65,458.2
2023-08-24,3082.2439,102.665,460.3
2023-08-25,3064.0747,102.5,457.88
2023-08-28,3098.6363,102.445,459.16
2023-08-29,3135.8867,102.295,460.18
2023-08-30,3137.1375,102.405,462.4
2023-08-31,3119.8764,102.415,467.14
2023-09-01,3133.2467,102.11,464.88
2023-09-04,3177.0603,101.945,462.1
2023-09-05,3154.3693,101.905,463.26
2023-09-06,3158.0769,101.68,466.8
2023-09-07,3122.3523,101.59,465.2
2023-09-08,3116.7191,101.685,465.36
2023-09-11,3142.779,101.745,474.3
2023-09-12,3137.0593,101.79,470.04
2023-09-13,3123.0669,101.935,470.04
2023-09-14,3126.5511,102.07,470.04
2023-09-15,3117.7434,101.81,470.04
2023-09-18,3125.9319,101.71,467.14
2023-09-19,3124.9567,101.74,469.7
2023-09-20,3108.5679,101.72,470.82
2023-09-21,3084.701,101.87,470.68
2023-09-22,3132.4316,101.615,470.1
2023-09-25,3115.6071,101.56,471.2
2023-09-26,3102.2726,101.6,470.68
2023-09-27,3107.3156,101.62,467.32
2023-09-28,3110.4753,101.785,459.3
2023-10-09,3096.9224,101.8,455.08
2023-10-10,3075.2361,101.7,450.88
2023-10-11,3078.9556,101.49,450.68
2023-10-12,3107.9007,101.565,453.7
2023-10-13,3088.0991,101.66,453.52
2023-10-16,3073.813,101.755,458.0
2023-10-17,3083.4964,101.605,463.5
2023-10-18,3058.7098,101.55,467.46
2023-10-19,3005.3934,101.25,470.48
2023-10-20,2983.0585,101.47,475.46
2023-10-23,2939.2913,101.59,475.36
2023-10-24,2962.2437,101.48,472.44
2023-10-25,2974.1135,101.715,472.44
2023-10-26,2988.2992,101.67,475.76
2023-10-27,3017.7842,101.685,475.8
2023-10-30,3021.5534,101.725,476.0
2023-10-31,3018.7706,101.89,476.28
2023-11-01,3023.0765,101.915,473.3
2023-11-02,3009.4058,102.095,474.64
2023-11-03,3030.7977,102.055,474.64
2023-11-06,3058.4105,102.095,474.64
2023-11-07,3057.2697,102.045,474.0
2023-11-08,3052.3726,102.15,471.28
2023-11-09,3053.2792,102.115,474.1
2023-11-10,3038.9699,102.18,474.1
2023-11-13,3046.5329,102.195,474.1
2023-11-14,3056.0703,102.085,474.1
2023-11-15,3072.8348,102.075,474.1
2023-11-16,3050.9257,102.2,471.32
2023-11-17,3054.3655,102.2,472.76
2023-11-20,3068.3191,102.195,467.36
2023-11-21,3067.9328,102.1,466.48
2023-11-22,3043.611,101.905,465.52
2023-11-23,3061.8562,101.625,464.8
2023-11-24,3040.9717,101.695,465.1
2023-11-27,3031.7002,101.585,469.28
2023-11-28,3038.5545,101.825,470.88
2023-11-29,3021.6874,101.895,474.54
2023-11-30,3029.6727,101.915,475.48
2023-12-01,3031.6358,101.97,474.84
2023-12-04,3022.9138,101.895,480.36
2023-12-05,2972.2959,102.0,473.82
2023-12-06,2968.9334,101.97,472.74
2023-12-07,2966.2061,102.06,473.6
2023-12-08,2969.5594,102.055,474.26
2023-12-11,2991.4385,102.25,470.76
2023-12-12,3003.4378,102.215,468.4
2023-12-13,2968.7606,102.475,468.2
2023-12-14,2958.9856,102.355,475.2
2023-12-15,2942.5568,102.53,474.4
2023-12-18,2930.8036,102.475,474.28
2023-12-19,2932.3908,102.53,475.16
2023-12-20,2902.1096,102.48,475.74
2023-12-21,2918.7149,102.59,475.3
2023-12-22,2914.7752,102.67,478.02
2023-12-25,2918.8126,102.855,479.0
2023-12-26,2898.8787,102.845,479.42
2023-12-27,2914.6138,102.925,481.72
2023-12-28,2954.7035,102.805,481.68
2023-12-29,2974.9348,102.845,482.32
2024-01-02,2962.2762,102.725,481.0
2024-01-03,2967.2472,102.815,480.1
2024-01-04,2954.3486,102.815,481.82
2024-01-05,2929.1833,102.95,481.82
2024-01-08,2887.5379,102.925,484.0
2024-01-09,2893.2513,103.105,486.38
2024-01-10,2877.7023,102.965,482.5
2024-01-11,2886.6502,102.99,498.3
2024-01-12,2881.9769,102.77,498.3
2024-01-15,2886.2908,102.83,470.0
2024-01-16,2893.9886,102.78,482.66
2024-01-17,2833.6152,102.935,478.72
2024-01-18,2845.7839,102.855,477.94
2024-01-19,2832.2793,102.995,479.66
2024-01-22,2756.3399,103.125,478.22
2024-01-23,2770.9763,103.02,478.5
2024-01-24,2820.7719,103.06,477.94
2024-01-25,2906.1087,103.15,476.1
2024-01-26,2910.2227,103.095,478.02
2024-01-29,2883.356,103.21,479.04
2024-01-30,2830.5266,103.45,479.9
2024-01-31,2788.5482,103.57,480.56
2024-02-01,2770.7403,103.495,481.6
2024-02-02,2730.152,103.525,483.54
2024-02-05,2702.185,103.62,479.6
2024-02-06,2789.486,103.28,478.64
2024-02-07,2829.6956,103.41,480.38
2024-02-08,2865.9032,103.25,481.0
2024-02-19,2910.544,103.415,479.2
2024-02-20,2922.7302,103.495,479.22
2024-02-21,2950.9556,103.64,479.34
2024-02-22,2988.3578,103.765,479.12
2024-02-23,3004.881,103.77,478.74
2024-02-26,2977.0221,103.88,479.64
2024-02-27,3015.4807,103.85,480.5
2024-02-28,2957.8524,104.03,479.6
2024-02-29,3015.1712,104.09,481.7
2024-03-01,3027.0204,103.64,483.94
2024-03-04,3039.3055,103.87,485.56
2024-03-05,3047.7931,103.96,493.2
2024-03-06,3039.9309,104.195,495.06
2024-03-07,3027.4013,104.125,499.0
2024-03-08,3046.0192,104.055,505.16
2024-03-11,3068.4554,103.985,503.78
2024-03-12,3055.935,103.79,503.78
2024-03-13,3043.8346,103.885,503.78
2024-03-14,3038.2339,103.715,503.78
2024-03-15,3054.6359,103.855,506.5
2024-03-18,3084.9262,103.905,503.04
2024-03-19,3062.7558,104.1,504.36
2024-03-20,3079.6859,103.925,504.84
2024-03-21,3077.113,104.07,514.74
2024-03-22,3048.0336,103.81,511.42
2024-03-25,3026.3055,103.795,512.3
2024-03-26,3031.4809,103.765,513.26
2024-03-27,2993.1388,103.91,515.42
2024-03-28,3010.6636,103.9,518.98
2024-03-29,3041.1669,104.11,528.64
2024-04-01,3077.3786,103.785,533.0
2024-04-02,3074.9586,103.91,533.46
2024-04-03,3069.2959,104.025,541.06
2024-04-08,3047.0526,104.11,553.52
2024-04-09,3048.5369,104.24,556.2
2024-04-10,3027.3349,104.14,557.7
2024-04-11,3034.2464,104.175,555.5
2024-04-12,3019.4735,104.395,565.46
2024-04-15,3057.3776,104.415,563.56
2024-04-16,3007.0681,104.46,566.08
2024-04-17,3071.3806,104.465,565.02
2024-04-18,3074.2246,104.61,563.22
2024-04-19,3065.261,104.575,563.68
2024-04-22,3044.5952,104.645,556.16
2024-04-23,3021.9775,104.845,545.7
2024-04-24,3044.8223,104.48,547.64
2024-04-25,3052.9,104.47,546.62
2024-04-26,3088.6357,104.195,550.46
2024-04-29,3113.0432,103.785,550.28
2024-04-30,3104.8245,104.115,549.28
2024-05-06,3140.7204,104.115,543.1
2024-05-07,3147.738,104.375,549.0
2024-05-08,3128.4798,104.425,546.02
2024-05-09,3154.3201,104.215,543.6
2024-05-10,3154.5472,104.295,551.0
2024-05-13,3148.0207,104.445,551.0
2024-05-14,3145.7743,104.465,551.0
2024-05-15,3119.9021,104.44,551.0
2024-05-16,3122.401,104.27,561.5
2024-05-17,3154.0263,104.25,562.18
2024-05-20,3171.1451,104.28,576.12
2024-05-21,3157.9657,104.21,569.3
2024-05-22,3158.5399,104.275,570.16
2024-05-23,3116.387,104.36,556.78
2024-05-24,3088.8705,104.305,551.58
2024-05-27,3124.0427,104.345,552.9
2024-05-28,3109.5721,104.465,553.18
2024-05-29,3111.0176,104.5,556.58
2024-05-30,3091.6778,104.485,551.0
2024-05-31,3086.8134,104.35,552.82
2024-06-03,3078.4887,104.53,548.7
2024-06-04,3091.1992,104.575,553.58
2024-06-05,3065.4034,104.67,551.46
2024-06-06,3048.7939,104.675,559.24
2024-06-07,3051.2787,104.695,560.04
2024-06-11,3028.0451,104.76,542.4
2024-06-12,3037.4675,104.695,547.0
2024-06-13,3028.9187,104.72,545.98
2024-06-14,3032.6333,104.755,545.0
2024-06-17,3015.8907,104.765,547.48
2024-06-18,3030.2464,104.855,548.64
2024-06-19,3018.0491,104.975,549.8
2024-06-20,3005.4369,105.015,555.94
2024-06-21,2998.1377,104.91,558.3
2024-06-24,2963.0989,105.055,550.64
2024-06-25,2949.9963,105.15,550.3
2024-06-26,2972.5251,105.135,546.78
2024-06-27,2945.8524,105.305,544.22
2024-06-28,2967.4028,105.32,549.48
2024-07-01,2994.7303,104.975,550.0
2024-07-02,2997.0111,105.24,550.0
2024-07-03,2982.3756,105.37,553.66
2024-07-04,2957.567,105.27,551.94
2024-07-05,2949.9333,105.135,555.8
2024-07-08,2922.4498,104.875,560.98
2024-07-09,2959.3724,105.085,557.46
2024-07-10,2939.3636,105.11,557.46
2024-07-11,2970.3874,105.13,557.46
2024-07-12,2971.295,105.245,557.46
2024-07-15,2974.0107,105.34,557.46
2024-07-16,2976.3043,105.38,572.16
2024-07-17,2962.8549,105.435,578.94
2024-07-18,2977.1334,105.3,579.0
2024-07-19,2982.3086,105.46,563.88
2024-07-22,2964.2155,105.715,563.4
2024-07-23,2915.3685,105.87,560.58
2024-07-24,2901.9518,105.86,567.46
2024-07-25,2886.7416,105.835,553.76
2024-07-26,2890.8973,105.925,555.56
2024-07-29,2891.8453,105.95,559.26
2024-07-30,2879.2996,105.96,560.18
2024-07-31,2938.7493,106.115,564.32
2024-08-01,2932.3871,106.265,569.28
2024-08-02,2905.3375,106.31,572.58
2024-08-05,2860.6978,106.55,559.6
2024-08-06,2867.2837,106.31,553.74
2024-08-07,2869.8338,106.515,555.54
2024-08-08,2869.9014,106.19,555.28
2024-08-09,2862.1941,105.945,560.08
2024-08-12,2858.2046,105.31,562.02
2024-08-13,2867.946,105.535,569.0
2024-08-14,2850.6539,105.69,567.5
2024-08-15,2877.3579,105.545,564.6
2024-08-16,2879.4298,105.695,566.1
2024-08-19,2893.6738,105.8,571.78
2024-08-20,2866.661,105.79,572.22
2024-08-21,2856.5839,105.515,574.58
2024-08-22,2848.7718,105.86,573.32
2024-08-23,2854.3675,105.95,572.0
2024-08-26,2855.5203,106.0,575.14
2024-08-27,2848.7312,105.74,575.0
2024-08-28,2837.4293,105.9,575.0
2024-08-29,2823.106,105.83,574.86
2024-08-30,2842.2142,105.755,575.58
2024-09-02,2811.035,106.03,571.92
2024-09-03,2802.9787,106.065,571.48
2024-09-04,2784.2783,106.13,569.56
2024-09-05,2788.3141,106.155,570.86
2024-09-06,2765.8066,106.295,576.8
2024-09-09,2736.4876,106.395,570.5
2024-09-10,2744.1921,106.6,572.2
2024-09-11,2721.7952,106.7,572.2
2024-09-12,2717.1231,106.635,572.2
2024-09-13,2704.0896,106.805,572.2
2024-09-18,2717.2813,106.905,585.0
2024-09-19,2736.0222,106.785,582.2
2024-09-20,2736.8139,106.965,588.2
2024-09-23,2748.9177,106.93,593.14
2024-09-24,2863.1255,106.67,592.0
2024-09-25,2896.3057,106.95,596.34
2024-09-26,3000.9526,106.605,598.0
2024-09-27,3087.5286,105.64,597.74
2024-09-30,3336.4974,105.365,595.34
2024-10-08,3489.7751,105.345,594.78
2024-10-09,3258.8578,105.61,587.7
2024-10-10,3301.9259,105.86,589.0
2024-10-11,3217.7377,105.91,595.0
2024-10-14,3284.3225,105.935,599.0
2024-10-15,3201.2919,106.185,600.0
2024-10-16,3202.948,106.09,610.92
2024-10-17,3169.3843,106.345,612.76
2024-10-18,3261.5633,106.16,617.9
2024-10-21,3268.11,106.255,624.68
2024-10-22,3285.8669,106.035,625.22
2024-10-23,3302.8028,105.87,628.28
2024-10-24,3280.2625,105.765,622.74
2024-10-25,3299.7003,105.795,622.94
2024-10-28,3322.1975,105.855,624.74
2024-10-29,3286.407,105.96,630.2
2024-10-30,3266.2378,105.94,637.8
2024-10-31,3279.8244,105.95,636.7
2024-11-01,3272.0142,106.195,625.5
2024-11-04,3310.2072,106.14,623.76
2024-11-05,3386.9869,106.325,625.2
2024-11-06,3383.8062,106.32,623.16
2024-11-07,3470.6609,106.45,612.02
2024-11-08,3452.2971,106.47,616.88
2024-11-11,3470.0657,106.485,618.38
2024-11-12,3421.9701,106.785,618.38
2024-11-13,3439.2778,106.71,618.38
2024-11-14,3379.8389,106.715,618.38
2024-11-15,3330.7263,106.71,618.38
2024-11-18,3323.8486,106.55,600.6
2024-11-19,3346.0098,106.75,609.84
2024-11-20,3367.9893,106.67,610.6
2024-11-21,3370.4039,106.86,617.7
2024-11-22,3267.1916,106.93,625.44
2024-11-25,3263.7597,107.095,616.94
2024-11-26,3259.7572,107.04,608.84
2024-11-27,3309.7789,107.01,614.38
2024-11-28,3295.6983,107.17,611.66
2024-11-29,3326.4557,107.09,617.12
2024-12-02,3363.9823,107.5,611.6
2024-12-03,3378.8063,107.3,617.98
2024-12-04,3364.6498,107.58,617.0
2024-12-05,3368.8553,107.565,617.32
2024-12-06,3404.0764,107.55,615.36
2024-12-09,3402.5343,107.515,619.1
2024-12-10,3422.6607,108.215,621.0
2024-12-11,3432.4902,108.12,627.1
2024-12-12,3461.4998,108.28,631.1
2024-12-13,3391.8782,108.49,626.5
2024-12-16,3386.3312,108.715,620.0
2024-12-17,3361.485,108.615,618.62
2024-12-18,3382.2081,108.465,617.98
2024-12-19,3370.0331,108.535,612.82
2024-12-20,3368.0693,108.895,613.4
2024-12-23,3351.2571,108.755,619.24
2024-12-24,3393.5281,108.7,616.62
2024-12-25,3393.3501,108.6,617.82
2024-12-26,3398.0765,108.5,618.64
2024-12-27,3400.142,108.86,618.98
2024-12-30,3407.3259,108.595,617.14
2024-12-31,3351.763,108.925,618.0
2025-01-02,3262.5607,109.18,620.9
2025-01-03,3211.4299,109.44,626.62
2025-01-06,3206.9228,109.47,623.8
2025-01-07,3229.6439,109.38,624.24
2025-01-08,3230.1679,109.425,623.24
2025-01-09,3211.3933,109.19,627.32
2025-01-10,3168.5238,109.16,632.7
2025-01-13,3160.755,109.0,632.7
2025-01-14,3240.94,109.14,632.7
2025-01-15,3227.1167,109.32,634.64
2025-01-16,3236.032,109.31,637.42
2025-01-17,3241.8212,109.035,638.88
2025-01-20,3244.3776,109.05,638.0
2025-01-21,3242.6226,109.24,637.96
2025-01-22,3213.6237,109.15,643.48
2025-01-23,3230.1637,109.105,644.24
2025-01-24,3252.6264,109.115,646.62
2025-01-27,3250.6007,109.34,646.36
2025-02-05,3229.4876,109.435,669.0
2025-02-06,3270.6594,109.535,666.8
2025-02-07,3303.6666,109.405,667.9
2025-02-10,3322.1698,109.225,677.62
2025-02-11,3318.0569,109.305,682.8
2025-02-12,3346.3854,109.145,679.66
2025-02-13,3332.4826,109.115,680.56
2025-02-14,3346.7242,108.86,686.9
2025-02-17,3355.8296,108.695,674.2
2025-02-18,3324.4906,108.595,681.8
2025-02-19,3351.5392,108.685,686.38
2025-02-20,3350.7833,108.42,688.84
2025-02-21,3379.1128,108.16,683.34
2025-02-24,3373.0276,107.87,685.04
2025-02-25,3346.0398,108.065,684.44
2025-02-26,3380.2144,108.18,678.02
2025-02-27,3388.0622,108.065,675.98
2025-02-28,3320.8973,108.255,672.06
2025-03-03,3316.9253,108.455,671.92
2025-03-04,3324.2099,108.4,675.52
2025-03-05,3341.9649,108.51,680.52
2025-03-06,3381.0983,108.245,680.16
2025-03-07,3372.5458,107.635,678.46
2025-03-10,3366.163,107.69,681.16
2025-03-11,3379.8284,107.235,675.72
2025-03-12,3371.9235,107.675,679.62
2025-03-13,3358.7285,107.62,682.42
2025-03-14,3419.5616,107.58,693.3
2025-03-17,3426.1285,107.075,695.0
2025-03-18,3429.7593,107.24,700.7
2025-03-19,3426.4291,107.22,707.34
2025-03-20,3408.9482,107.53,708.5
2025-03-21,3364.8307,107.415,705.14
2025-03-24,3370.0283,107.595,705.16
2025-03-25,3369.9763,107.675,704.88
2025-03-26,3368.6973,107.995,707.06
2025-03-27,3373.7489,107.89,708.38
2025-03-28,3351.3068,107.875,721.14
2025-03-31,3335.7462,107.87,729.16
2025-04-01,3348.4351,107.76,735.24
2025-04-02,3350.1266,108.05,732.72
2025-04-03,3342.0077,108.575,738.4
2025-04-07,3096.5762,109.18,717.3
2025-04-08,3145.5491,108.9,718.5
2025-04-09,3186.8099,109.045,725.44
2025-04-10,3223.6379,109.035,743.4
2025-04-11,3238.2268,108.95,757.26
2025-04-14,3262.8075,109.04,763.58
2025-04-15,3267.6623,108.96,762.68
2025-04-16,3276.0039,109.135,780.38
2025-04-17,3280.3412,108.99,788.16
2025-04-18,3276.7304,109.025,789.74
2025-04-21,3291.4341,108.78,804.06
2025-04-22,3299.7571,108.97,830.38
2025-04-23,3296.3552,108.77,784.08
2025-04-24,3297.2881,108.68,790.44
2025-04-25,3295.06,108.77,786.04
2025-04-28,3288.4147,108.84,778.98
2025-04-29,3286.6548,109.12,784.52
2025-04-30,3279.0314,109.0,752.06
2025-05-06,3316.1135,109.045,793.18
2025-05-07,3342.6651,108.85,799.36
2025-05-08,3351.9958,109.06,788.22
2025-05-09,3341.9989,109.06,797.62
2025-05-12,3369.2445,108.53,775.0
2025-05-13,3374.8707,108.715,762.0
2025-05-14,3403.9481,108.535,762.0
2025-05-15,3380.8214,108.555,762.0
2025-05-16,3367.4619,108.48,749.8
2025-05-19,3367.5829,108.605,754.14
2025-05-20,3380.478,108.84,752.6
2025-05-21,3387.5736,108.835,776.4
2025-05-22,3380.1885,108.815,777.92
2025-05-23,3348.3717,108.85,777.98
2025-05-26,3346.8388,108.855,775.52
2025-05-27,3340.687,108.735,769.72
2025-05-28,3339.9319,108.73,770.38
2025-05-29,3363.4455,108.475,762.6
2025-05-30,3347.4873,108.725,770.18
2025-06-03,3361.9755,108.685,781.0
2025-06-04,3376.2029,108.765,781.02
2025-06-05,3384.0985,108.72,781.78
2025-06-06,3385.3579,108.925,781.0
2025-06-09,3399.7716,109.0,772.04
2025-06-10,3384.8163,108.995,774.0
2025-06-11,3402.3159,109.045,775.24
2025-06-12,3402.658,108.995,782.6
2025-06-13,3376.996,109.02,794.0
2025-06-16,3388.7293,109.015,791.0
2025-06-17,3387.4049,109.16,784.62
2025-06-18,3388.8086,109.14,785.06
2025-06-19,3362.1082,109.135,781.54
2025-06-20,3359.8954,109.15,778.52
2025-06-23,3381.5816,109.155,779.02
2025-06-24,3420.566,109.025,770.48
2025-06-25,3455.9736,108.995,772.48
2025-06-26,3448.4534,108.95,773.82
2025-06-27,3424.2267,109.045,765.62
2025-06-30,3444.4256,108.895,765.78
2025-07-01,3457.7474,109.005,772.24
2025-07-02,3454.7924,109.13,771.82
2025-07-03,3461.1506,109.105,775.52
2025-07-04,3472.3192,109.1,772.52
2025-07-07,3473.1271,109.105,768.9
2025-07-08,3497.4753,109.02,772.8
2025-07-09,3493.0495,109.05,764.6
2025-07-10,3509.6818,108.845,770.48
2025-07-11,3510.1772,108.83,770.48
2025-07-14,3519.6498,108.73,778.5
2025-07-15,3504.9988,108.89,773.0
2025-07-16,3503.7769,108.835,774.26
2025-07-17,3516.8255,108.885,773.96
2025-07-18,3534.4827,108.79,774.6
2025-07-21,3559.7912,108.76,779.32
2025-07-22,3581.8611,108.635,782.5
2025-07-23,3582.298,108.52,790.3
2025-07-24,3605.7269,108.22,776.24
2025-07-25,3593.6553,108.18,774.7
2025-07-28,3597.9369,108.395,772.0
2025-07-29,3609.7113,108.13,768.68
2025-07-30,3615.7167,108.3,770.34
2025-07-31,3573.2082,108.485,766.8
2025-08-01,3559.9518,108.435,767.44
2025-08-04,3583.3088,108.47,778.28
2025-08-05,3617.5976,108.54,779.6
2025-08-06,3633.9949,108.555,781.18
2025-08-07,3639.6666,108.615,782.52
2025-08-08,3635.1281,108.64,784.84
2025-08-11,3647.5467,108.495,777.5
2025-08-12,3665.9177,108.42,774.4
2025-08-13,3683.4648,108.435,774.38
2025-08-14,3666.4426,108.325,777.02
2025-08-15,3696.7705,108.295,776.46
2025-08-18,3728.0273,108.015,776.28
2025-08-19,3727.2879,108.055,773.64
2025-08-20,3766.2104,107.855,771.62
2025-08-21,3771.0989,107.855,774.0
2025-08-22,3825.7592,107.66,771.92
2025-08-25,3883.5617,107.95,778.02
2025-08-26,3868.382,107.995,780.12
2025-08-27,3800.3499,108.02,780.14
2025-08-28,3800.3499,108.02,781.76
2025-08-29,3857.9274,107.81,783.0
2025-09-01,3875.5304,108.0,799.0
2025-09-02,3858.1334,107.955,803.38
2025-09-03,3813.5566,108.16,813.3
2025-09-04,3765.8759,108.26,812.34
2025-09-05,3812.5143,107.95,814.4
2025-09-08,3826.8407,107.865,827.98
2025-09-09,3807.2923,107.775,832.2
2025-09-10,3812.2212,107.49,837.0
2025-09-11,3875.3094,107.58,832.5
2025-09-12,3870.5984,107.71,832.5
2025-09-15,3860.5036,107.805,831.0
2025-09-16,3861.8651,108.0,842.08
2025-09-17,3876.3409,108.155,835.08
2025-09-18,3831.6562,108.08,824.1
2025-09-19,3820.0894,107.835,827.5
2025-09-22,3828.5764,107.975,843.0
2025-09-23,3821.8327,107.715,851.92
2025-09-24,3853.6422,107.65,856.04
2025-09-25,3853.3021,107.61,851.74
2025-09-26,3828.106,107.68,852.58
